filename,fixation_type,chi2_mean,chi2_median,frac_hi
3_KPCWT0430glu10min_740nm_3024mW_u1_poc0p15_20x0p75NA_457s50_g70_z1_256pix_basicFLIM_90f_0000.sdt,glu,16.3059548171933,1.01539,0.002397715298034484
3_KPCWT0430glu10min_740nm_3024mW_u1_poc0p2_20x0p75NA_457s50_g70_z1_256pix_basicFLIM_120f_0000.sdt,glu,1.0650249445343016,1.05925,1.52587890625e-05
3_KPCWT0430glu10min_740nm_3024mW_u1_poc0p2_20x0p75NA_457s50_g70_z1_256pix_basicFLIM_120f_0001.sdt,glu,1.0833005720214843,1.076475,0.0
3_KPCWT0430glu10min_740nm_3024mW_u1_poc0p2_20x0p75NA_457s50_g70_z1_256pix_basicFLIM_120f_0002.sdt,glu,1.0797709905700685,1.0728550000000001,0.0
3_KPCWT0430glu10min_740nm_3024mW_u1_poc0p2_20x0p75NA_457s50_g70_z1_256pix_basicFLIM_120f_0003.sdt,glu,1.0689363030548096,1.06223,0.0
3_KPCWT0430glu10min_740nm_3024mW_u1_poc0p2_20x0p75NA_457s50_g70_z1_256pix_basicFLIM_120f_0004.sdt,glu,1.0889011283264158,1.083015,0.0
3_KPCWT0430glu10min_740nm_3024mW_u1_poc0p2_20x0p75NA_457s50_g70_z1_256pix_basicFLIM_120f_0005.sdt,glu,1.0380786884002684,1.0315,4.57763671875e-05
3_KPCWT0430glu10min_740nm_3024mW_u1_poc0p2_20x0p75NA_457s50_g70_z1_256pix_basicFLIM_120f_0006.sdt,glu,1.05038304246521,1.04436,1.52587890625e-05
3_KPCWT0430glu10min_740nm_3024mW_u1_poc0p2_20x0p75NA_457s50_g70_z1_256pix_basicFLIM_120f_0007.sdt,glu,1.0390016501770019,1.03167,0.0
3_KPCWT0430glu10min_740nm_3024mW_u1_poc0p2_20x0p75NA_457s50_g70_z1_256pix_basicFLIM_120f_0008.sdt,glu,1.0743947621765138,1.0689,0.0
3_KPCWT0430glu10min_740nm_3024mW_u1_poc0p2_20x0p75NA_457s50_g70_z1_256pix_basicFLIM_120f_0009.sdt,glu,1.061057684524536,1.05442,0.0
3_KPCWT0430glu10min_740nm_3024mW_u1_poc0p2_20x0p75NA_535s50_g70_z1_256pix_basicFLIM_120f_0000.sdt,glu,1.070880930038452,1.06528,0.0
3_KPCWT0430glu10min_740nm_3024mW_u1_poc0p2_20x0p75NA_535s50_g70_z1_256pix_basicFLIM_120f_0001.sdt,glu,1.0871264126739502,1.08207,0.0
3_KPCWT0430glu10min_740nm_3024mW_u1_poc0p2_20x0p75NA_535s50_g70_z1_256pix_basicFLIM_120f_0002.sdt,glu,1.0915526280822754,1.08649,0.0
3_KPCWT0430glu10min_740nm_3024mW_u1_poc0p2_20x0p75NA_535s50_g70_z1_256pix_basicFLIM_120f_0003.sdt,glu,1.0673899510498046,1.06158,0.0
3_KPCWT0430glu10min_740nm_3024mW_u1_poc0p2_20x0p75NA_535s50_g70_z1_256pix_basicFLIM_120f_0004.sdt,glu,1.0975791158447266,1.093915,0.0
3_KPCWT0430glu10min_740nm_3024mW_u1_poc0p2_20x0p75NA_535s50_g70_z1_256pix_basicFLIM_120f_0005.sdt,glu,1.0595168623199462,1.053575,0.0
3_KPCWT0430glu10min_740nm_3024mW_u1_poc0p2_20x0p75NA_535s50_g70_z1_256pix_basicFLIM_120f_0006.sdt,glu,1.058502120727539,1.053135,0.0
3_KPCWT0430glu10min_740nm_3024mW_u1_poc0p2_20x0p75NA_535s50_g70_z1_256pix_basicFLIM_120f_0007.sdt,glu,1.0511786928100584,1.046355,0.0
3_KPCWT0430glu10min_740nm_3024mW_u1_poc0p2_20x0p75NA_535s50_g70_z1_256pix_basicFLIM_120f_0008.sdt,glu,1.0846651100769042,1.07762,0.0
3_KPCWT0430glu10min_740nm_3024mW_u1_poc0p2_20x0p75NA_535s50_g70_z1_256pix_basicFLIM_120f_0009.sdt,glu,1.0683199480438232,1.063725,0.0
4_BKO0430glu10min_740nm_3024mW_u1_poc0p2_20x0p75NA_535s50_g70_z1_256pix_basicFLIM_60f_0000.sdt,glu,1.0560512401885986,1.04729,0.0
4_BKO0430glu10min_740nm_3024mW_u1_poc0p2_20x0p75NA_535s50_g70_z1_256pix_basicFLIM_60f_0001.sdt,glu,1.0547994502105713,1.04729,4.57763671875e-05
4_BKO0430glu10min_740nm_3024mW_u1_poc0p2_20x0p75NA_535s50_g70_z1_256pix_basicFLIM_60f_0002.sdt,glu,1.0544500210876464,1.046385,0.0
4_BKO0430glu10min_740nm_3024mW_u1_poc0p2_20x0p75NA_535s50_g70_z1_256pix_basicFLIM_60f_0003.sdt,glu,1.0520537970275878,1.044785,0.0
4_BKO0430glu10min_740nm_3024mW_u1_poc0p2_20x0p75NA_535s50_g70_z1_256pix_basicFLIM_60f_0004.sdt,glu,1.0417314568023681,1.034065,1.52587890625e-05
4_BKO0430glu10min_740nm_3024mW_u1_poc0p2_20x0p75NA_535s50_g70_z1_256pix_basicFLIM_60f_0005.sdt,glu,1.0489948279382044,1.03525,0.0017812489295379028
4_BKO0430glu10min_740nm_3024mW_u1_poc0p2_20x0p75NA_535s50_g70_z1_256pix_basicFLIM_60f_0006.sdt,glu,1.0679919992370603,1.05935,0.0001220703125
4_BKO0430glu10min_740nm_3024mW_u1_poc0p2_20x0p75NA_535s50_g70_z1_256pix_basicFLIM_60f_0007.sdt,glu,1.0502244788513182,1.043755,9.1552734375e-05
4_BKO0430glu10min_740nm_3024mW_u1_poc0p2_20x0p75NA_535s50_g70_z1_256pix_basicFLIM_60f_0008.sdt,glu,1.0480576667785644,1.04021,3.0517578125e-05
4_BKO0430glu10min_740nm_3024mW_u1_poc0p2_20x0p75NA_535s50_g70_z1_256pix_basicFLIM_60f_0009.sdt,glu,1.0575556648406983,1.049075,0.0001220703125
4_BKO0430glu10min_740nm_3024mW_u1_poc0p2_20x0p75NA_535s50_g70_z1_256pix_basicFLIM_40f_0000.sdt,glu,1.0421214802398682,1.03146,4.57763671875e-05
4_BKO0430glu10min_740nm_3024mW_u1_poc0p2_20x0p75NA_535s50_g70_z1_256pix_basicFLIM_40f_0001.sdt,glu,1.044360187347412,1.03368,0.0002288818359375
4_BKO0430glu10min_740nm_3024mW_u1_poc0p2_20x0p75NA_535s50_g70_z1_256pix_basicFLIM_40f_0002.sdt,glu,1.0420613225555422,1.031655,3.0517578125e-05
4_BKO0430glu10min_740nm_3024mW_u1_poc0p2_20x0p75NA_535s50_g70_z1_256pix_basicFLIM_40f_0003.sdt,glu,1.0509291738586426,1.040925,6.103515625e-05
4_BKO0430glu10min_740nm_3024mW_u1_poc0p2_20x0p75NA_535s50_g70_z1_256pix_basicFLIM_40f_0004.sdt,glu,1.045256251373291,1.03433,0.0
4_BKO0430glu10min_740nm_3024mW_u1_poc0p2_20x0p75NA_535s50_g70_z1_256pix_basicFLIM_40f_0005.sdt,glu,1.0459341797165909,1.030675,0.003482278306440491
4_BKO0430glu10min_740nm_3024mW_u1_poc0p2_20x0p75NA_535s50_g70_z1_256pix_basicFLIM_40f_0006.sdt,glu,1.056577184890747,1.04797,0.0003662109375
4_BKO0430glu10min_740nm_3024mW_u1_poc0p2_20x0p75NA_535s50_g70_z1_256pix_basicFLIM_40f_0007.sdt,glu,1.043750595565796,1.03458,1.52587890625e-05
4_BKO0430glu10min_740nm_3024mW_u1_poc0p2_20x0p75NA_535s50_g70_z1_256pix_basicFLIM_40f_0008.sdt,glu,1.0441371084899902,1.03523,7.62939453125e-05
4_BKO0430glu10min_740nm_3024mW_u1_poc0p2_20x0p75NA_535s50_g70_z1_256pix_basicFLIM_40f_0009.sdt,glu,1.0490386336212159,1.03969,0.00030517578125
4_BKO0430glu10min_740nm_3038mW_u1_poc0p2_20x0p75NA_457s50_g70_z1_256pix_basicFLIM_100f_0000.sdt,glu,1.0666050324249268,1.05821,0.0
4_BKO0430glu10min_740nm_3038mW_u1_poc0p2_20x0p75NA_457s50_g70_z1_256pix_basicFLIM_100f_0001.sdt,glu,1.0660936531524658,1.05896,1.52587890625e-05
4_BKO0430glu10min_740nm_3038mW_u1_poc0p2_20x0p75NA_457s50_g70_z1_256pix_basicFLIM_100f_0002.sdt,glu,1.0584114671325684,1.050185,1.52587890625e-05
4_BKO0430glu10min_740nm_3038mW_u1_poc0p2_20x0p75NA_457s50_g70_z1_256pix_basicFLIM_100f_0003.sdt,glu,1.0660609281921387,1.058135,0.0
4_BKO0430glu10min_740nm_3038mW_u1_poc0p2_20x0p75NA_457s50_g70_z1_256pix_basicFLIM_100f_0004.sdt,glu,1.0585215473632812,1.05087,0.0
4_BKO0430glu10min_740nm_3038mW_u1_poc0p2_20x0p75NA_457s50_g70_z1_256pix_basicFLIM_100f_0005.sdt,glu,1.0467575868321732,1.03713,0.0007045206743269311
4_BKO0430glu10min_740nm_3038mW_u1_poc0p2_20x0p75NA_457s50_g70_z1_256pix_basicFLIM_100f_0006.sdt,glu,1.0729536423339843,1.06704,0.0
4_BKO0430glu10min_740nm_3038mW_u1_poc0p2_20x0p75NA_457s50_g70_z1_256pix_basicFLIM_100f_0007.sdt,glu,1.0604472697296143,1.052595,0.0
4_BKO0430glu10min_740nm_3038mW_u1_poc0p2_20x0p75NA_457s50_g70_z1_256pix_basicFLIM_100f_0008.sdt,glu,1.0532838174285888,1.04584,0.0
4_BKO0430glu10min_740nm_3038mW_u1_poc0p2_20x0p75NA_457s50_g70_z1_256pix_basicFLIM_100f_0009.sdt,glu,1.0663923970794678,1.05887,0.0
13_KPC_live_posn1_740nm_3040mW_u1_poc0p2_20x0p75NA_4570s50_g70_z1_256pix_basicFLIM_120f_0000.sdt,live,1.0715708001098634,1.05426,0.00030517578125
13_KPC_live_posn1_740nm_3040mW_u1_poc0p2_20x0p75NA_4570s50_g70_z1_256pix_basicFLIM_120f_0001.sdt,live,1.098928828399658,1.08606,0.000152587890625
13_KPC_live_posn1_740nm_3040mW_u1_poc0p2_20x0p75NA_4570s50_g70_z1_256pix_basicFLIM_120f_0002.sdt,live,1.1131069042053223,1.09463,0.0017547607421875
13_KPC_live_posn1_740nm_3040mW_u1_poc0p2_20x0p75NA_4570s50_g70_z1_256pix_basicFLIM_120f_0003.sdt,live,1.1101128363342285,1.09331,0.0009765625
13_KPC_live_posn1b_740nm_3040mW_u1_poc0p2_20x0p75NA_535s50_g70_z1_256pix_basicFLIM_120f_0000.sdt,live,1.0809314286956788,1.06797,0.0004425048828125
13_KPC_live_posn1b_740nm_3040mW_u1_poc0p2_20x0p75NA_535s50_g70_z1_256pix_basicFLIM_120f_0001.sdt,live,1.1250020254516602,1.10893,0.0009918212890625
13_KPC_live_posn1b_740nm_3040mW_u1_poc0p2_20x0p75NA_535s50_g70_z1_256pix_basicFLIM_120f_0002.sdt,live,1.1331108049163818,1.12257,0.0001068115234375
13_KPC_live_posn1b_740nm_3040mW_u1_poc0p2_20x0p75NA_535s50_g70_z1_256pix_basicFLIM_120f_0003.sdt,live,1.1210819989929197,1.10633,0.000274658203125
14_KPC_live_posn2_740nm_3040mW_u1_poc0p2_20x0p75NA_535s50_g70_z1_256pix_basicFLIM_120f_0000.sdt,live,1.074499417251587,1.05856,0.00079345703125
14_KPC_live_posn2_740nm_3040mW_u1_poc0p2_20x0p75NA_535s50_g70_z1_256pix_basicFLIM_120f_0001.sdt,live,1.097986879425049,1.08378,0.0004425048828125
14_KPC_live_posn2_740nm_3040mW_u1_poc0p2_20x0p75NA_535s50_g70_z1_256pix_basicFLIM_120f_0002.sdt,live,1.0899885365600586,1.07344,0.000640869140625
14_KPC_live_posn2_740nm_3040mW_u1_poc0p2_20x0p75NA_457s50_g70_z1_256pix_basicFLIM_120f_0000.sdt,live,1.0478944183044434,1.034125,0.00079345703125
14_KPC_live_posn2_740nm_3040mW_u1_poc0p2_20x0p75NA_457s50_g70_z1_256pix_basicFLIM_120f_0001.sdt,live,1.0734909321899413,1.055215,0.000579833984375
14_KPC_live_posn2_740nm_3040mW_u1_poc0p2_20x0p75NA_457s50_g70_z1_256pix_basicFLIM_120f_0002.sdt,live,1.0782819119110107,1.0593,0.0003509521484375
15_KPC_live_posn3_740nm_3040mW_u1_poc0p2_20x0p75NA_457s50_g70_z1_256pix_basicFLIM_120f_0000.sdt,live,1.1031368513183595,1.08713,0.0006103515625
15_KPC_live_posn3_740nm_3040mW_u1_poc0p2_20x0p75NA_457s50_g70_z1_256pix_basicFLIM_120f_0001.sdt,live,1.1111610848999023,1.09556,0.00091552734375
15_KPC_live_posn3_740nm_3040mW_u1_poc0p2_20x0p75NA_457s50_g70_z1_256pix_basicFLIM_120f_0002.sdt,live,1.1204511534118653,1.106405,0.0005950927734375
15_KPC_live_posn3_740nm_3040mW_u1_poc0p2_20x0p75NA_457s50_g70_z1_256pix_basicFLIM_120f_0003.sdt,live,1.1160370928344725,1.0971950000000001,0.0006561279296875
15_KPC_live_posn3_740nm_3040mW_u1_poc0p2_20x0p75NA_457s50_g70_z1_256pix_basicFLIM_120f_0004.sdt,live,1.0927968065948488,1.07668,0.0003814697265625
15_KPC_live_posn3_740nm_3040mW_u1_poc0p2_20x0p75NA_535s50_g70_z1_256pix_basicFLIM_120f_0000.sdt,live,1.0995030899658202,1.091685,0.0004425048828125
15_KPC_live_posn3_740nm_3040mW_u1_poc0p2_20x0p75NA_535s50_g70_z1_256pix_basicFLIM_120f_0001.sdt,live,1.1099136024017335,1.09518,4.57763671875e-05
15_KPC_live_posn3_740nm_3040mW_u1_poc0p2_20x0p75NA_535s50_g70_z1_256pix_basicFLIM_120f_0002.sdt,live,1.1494299660797118,1.13593,0.000732421875
15_KPC_live_posn3_740nm_3040mW_u1_poc0p2_20x0p75NA_535s50_g70_z1_256pix_basicFLIM_120f_0003.sdt,live,1.1269298360748292,1.10615,0.0021820068359375
15_KPC_live_posn3_740nm_3040mW_u1_poc0p2_20x0p75NA_535s50_g70_z1_256pix_basicFLIM_120f_0004.sdt,live,1.1285520830688476,1.10744,0.002044677734375
16_KPC_live_posn4_740nm_3040mW_u1_poc0p2_20x0p75NA_535s50_g70_z1_256pix_basicFLIM_120f_0000.sdt,live,1.0775755167999268,1.065415,0.0010833740234375
16_KPC_live_posn4_740nm_3040mW_u1_poc0p2_20x0p75NA_535s50_g70_z1_256pix_basicFLIM_120f_0001.sdt,live,1.0824456519622803,1.069245,0.0003204345703125
16_KPC_live_posn4_740nm_3040mW_u1_poc0p2_20x0p75NA_535s50_g70_z1_256pix_basicFLIM_120f_0002.sdt,live,1.0946870126800539,1.0804399999999998,0.00030517578125
16_KPC_live_posn4_740nm_3040mW_u1_poc0p2_20x0p75NA_535s50_g70_z1_256pix_basicFLIM_120f_0003.sdt,live,1.0851686220245362,1.065155,0.00115966796875
16_KPC_live_posn4_740nm_3040mW_u1_poc0p2_20x0p75NA_457s50_g70_z1_256pix_basicFLIM_120f_0000.sdt,live,1.043411520553589,1.02867,0.0006866455078125
16_KPC_live_posn4_740nm_3040mW_u1_poc0p2_20x0p75NA_457s50_g70_z1_256pix_basicFLIM_120f_0001.sdt,live,1.0605454064025879,1.045855,0.000396728515625
16_KPC_live_posn4_740nm_3040mW_u1_poc0p2_20x0p75NA_457s50_g70_z1_256pix_basicFLIM_120f_0002.sdt,live,1.0691547137756348,1.05686,0.000274658203125
16_KPC_live_posn4_740nm_3040mW_u1_poc0p2_20x0p75NA_457s50_g70_z1_256pix_basicFLIM_120f_0003.sdt,live,1.0700860686035158,1.0517050000000001,0.000823974609375
17_KPC_live_posn5_740nm_3040mW_u1_poc0p2_20x0p75NA_457s50_g70_z1_256pix_basicFLIM_120f_0000.sdt,live,1.057710158782959,1.0448499999999998,0.0003662109375
17_KPC_live_posn5_740nm_3040mW_u1_poc0p2_20x0p75NA_457s50_g70_z1_256pix_basicFLIM_120f_0001.sdt,live,1.076906442352295,1.06228,0.0010223388671875
17_KPC_live_posn5_740nm_3040mW_u1_poc0p2_20x0p75NA_457s50_g70_z1_256pix_basicFLIM_120f_0002.sdt,live,1.0710446417083739,1.056325,0.000152587890625
17_KPC_live_posn5_740nm_3040mW_u1_poc0p2_20x0p75NA_457s50_g70_z1_256pix_basicFLIM_120f_0003.sdt,live,1.0946956670379637,1.07975,0.001129150390625
17_KPC_live_posn5_740nm_3040mW_u1_poc0p2_20x0p75NA_457s50_g70_z1_256pix_basicFLIM_120f_0004.sdt,live,1.0810950880889894,1.06356,0.000396728515625
17_KPC_live_posn5_740nm_3040mW_u1_poc0p2_20x0p75NA_535s50_g70_z1_256pix_basicFLIM_120f_0000.sdt,live,1.0784970335845947,1.06686,0.000213623046875
17_KPC_live_posn5_740nm_3040mW_u1_poc0p2_20x0p75NA_535s50_g70_z1_256pix_basicFLIM_120f_0001.sdt,live,1.100742678955078,1.08686,0.00177001953125
17_KPC_live_posn5_740nm_3040mW_u1_poc0p2_20x0p75NA_535s50_g70_z1_256pix_basicFLIM_120f_0002.sdt,live,1.1076595216217042,1.08881,0.0011749267578125
17_KPC_live_posn5_740nm_3040mW_u1_poc0p2_20x0p75NA_535s50_g70_z1_256pix_basicFLIM_120f_0003.sdt,live,1.1074121054992676,1.091645,0.0001678466796875
17_KPC_live_posn5_740nm_3040mW_u1_poc0p2_20x0p75NA_535s50_g70_z1_256pix_basicFLIM_120f_0004.sdt,live,1.1053282722930908,1.08929,0.0002593994140625
3_KPCWTlive_740nm_3033mW_u1_poc0p2_20x0p75NA_475s50_g70_z1_256pix_basicFLIM_120f_0000.sdt,live,1.0678470723876954,1.06128,0.0
3_KPCWTlive_740nm_3033mW_u1_poc0p2_20x0p75NA_475s50_g70_z1_256pix_basicFLIM_120f_0001.sdt,live,1.041889045211792,1.03498,0.0
3_KPCWTlive_740nm_3033mW_u1_poc0p2_20x0p75NA_475s50_g70_z1_256pix_basicFLIM_120f_0002.sdt,live,1.0416528456573486,1.0327549999999999,0.0
3_KPCWTlive_740nm_3033mW_u1_poc0p2_20x0p75NA_475s50_g70_z1_256pix_basicFLIM_120f_0003.sdt,live,1.0735147404022216,1.06488,0.0001983642578125
3_KPCWTlive_740nm_3033mW_u1_poc0p2_20x0p75NA_475s50_g70_z1_256pix_basicFLIM_120f_0004.sdt,live,1.0402557675628663,1.03496,0.0
3_KPCWTlive_740nm_3033mW_u1_poc0p2_20x0p75NA_475s50_g70_z1_256pix_basicFLIM_120f_0005.sdt,live,1.065054793106079,1.06002,0.0
3_KPCWTlive_740nm_3033mW_u1_poc0p2_20x0p75NA_475s50_g70_z1_256pix_basicFLIM_120f_0006.sdt,live,1.0703337449951174,1.06642,0.0
3_KPCWTlive_740nm_3033mW_u1_poc0p2_20x0p75NA_475s50_g70_z1_256pix_basicFLIM_120f_0007.sdt,live,1.08953689163208,1.0845150000000001,0.0
3_KPCWTlive_740nm_3033mW_u1_poc0p2_20x0p75NA_475s50_g70_z1_256pix_basicFLIM_120f_0008.sdt,live,1.0287806532135009,1.019095,3.0517578125e-05
3_KPCWTlive_740nm_3033mW_u1_poc0p2_20x0p75NA_475s50_g70_z1_256pix_basicFLIM_120f_0009.sdt,live,1.040477709350586,1.03414,1.52587890625e-05
3_KPCWTlive_740nm_3033mW_u1_poc0p2_20x0p75NA_475s50_g70_z1_256pix_basicFLIM_120f_0010.sdt,live,1.0446131314239502,1.03822,1.52587890625e-05
3_KPCWTlive_740nm_3033mW_u1_poc0p2_20x0p75NA_475s50_g70_z1_256pix_basicFLIM_120f_0011.sdt,live,1.0549055545959471,1.04879,0.0
3_KPCWTlive_740nm_3033mW_u1_poc0p2_20x0p75NA_475s50_g70_z1_256pix_basicFLIM_120f_0012.sdt,live,80621.07150103684,1.56293,0.37373198077949815
3_KPCWTlive_740nm_3033mW_u1_poc0p2_20x0p75NA_475s50_g70_z1_256pix_basicFLIM_120f_0013.sdt,live,,,
3_KPCWTlive_740nm_3033mW_u1_poc0p2_20x0p75NA_475s50_g70_z1_256pix_basicFLIM_120f_0014.sdt,live,,,
3_KPCWTlive_740nm_3033mW_u1_poc0p2_20x0p75NA_475s50_g70_z1_256pix_basicFLIM_120f_0015.sdt,live,,,
3_KPCWTlive_740nm_3033mW_u1_poc0p2_20x0p75NA_475s50_g70_z1_256pix_basicFLIM_120f_0016.sdt,live,,,
3_KPCWTlive_740nm_3033mW_u1_poc0p2_20x0p75NA_475s50_g70_z1_256pix_basicFLIM_120f_0017.sdt,live,1.0156595107609296,0.9949600000000001,0.0034950027592127045
3_KPCWTlive_740nm_3033mW_u1_poc0p2_20x0p75NA_475s50_g70_z1_256pix_basicFLIM_120f_0018.sdt,live,1.050851431058687,1.044305,3.051850947599719e-05
3_KPCWTlive_740nm_3033mW_u1_poc0p2_20x0p75NA_475s50_g70_z1_256pix_basicFLIM_120f_0019.sdt,live,1.0341673598632812,1.02689,9.1552734375e-05
3_KPCWTlive_740nm_3033mW_u1_poc0p2_20x0p75NA_475s50_g70_z1_256pix_basicFLIM_120f_0020.sdt,live,1.0417726422119142,1.035705,1.52587890625e-05
3_KPCWTlive_740nm_3033mW_u1_poc0p2_20x0p75NA_475s50_g70_z1_256pix_basicFLIM_120f_0021.sdt,live,1.0299210164337158,1.02104,1.52587890625e-05
3_KPCWTlive_740nm_3033mW_u1_poc0p2_20x0p75NA_475s50_g70_z1_256pix_basicFLIM_120f_0022.sdt,live,1.0453411769714356,1.040845,0.0
3_KPCWTlive_740nm_3033mW_u1_poc0p2_20x0p75NA_475s50_g70_z1_256pix_basicFLIM_120f_0023.sdt,live,470589.3088426849,5.04632,0.6596638655462185
3_KPCWTlive_740nm_3033mW_u1_poc0p2_20x0p75NA_475s50_g70_z1_256pix_basicFLIM_120f_0024.sdt,live,,,
3_KPCWTlive_740nm_3033mW_u1_poc0p2_20x0p75NA_475s50_g70_z1_256pix_basicFLIM_120f_overloadedposns_0000.sdt,live,1.0334711822662355,1.025785,3.0517578125e-05
3_KPCWTlive_740nm_3033mW_u1_poc0p2_20x0p75NA_475s50_g70_z1_256pix_basicFLIM_120f_overloadedposns_0001.sdt,live,1.0349407224273681,1.02486,9.1552734375e-05
3_KPCWTlive_740nm_3033mW_u1_poc0p2_20x0p75NA_475s50_g70_z1_256pix_basicFLIM_120f_overloadedposns_0002.sdt,live,1.036781190032959,1.028665,3.0517578125e-05
3_KPCWTlive_740nm_3033mW_u1_poc0p2_20x0p75NA_475s50_g70_z1_256pix_basicFLIM_120f_overloadedposns_0003.sdt,live,1.0589011936340333,1.05241,0.0001220703125
3_KPCWTlive_740nm_3033mW_u1_poc0p2_20x0p75NA_475s50_g70_z1_256pix_basicFLIM_120f_overloadedposns_0004.sdt,live,1.0263346154633037,1.01775,0.001145090614837321
3_KPCWTlive_740nm_3033mW_u1_poc0p2_20x0p75NA_475s50_g70_z1_256pix_basicFLIM_120f_overloadedposns_0005.sdt,live,1.0301986165618895,1.02211,0.0
3_KPCWTlive_740nm_3033mW_u1_poc0p2_20x0p75NA_475s50_g70_z1_256pix_basicFLIM_120f_overloadedposns_0006.sdt,live,1.0384615714263916,1.027905,9.1552734375e-05
3_KPCWTlive_740nm_3033mW_u1_poc0p2_20x0p75NA_475s50_g70_z1_256pix_basicFLIM_120f_overloadedtwicePos10_0007.sdt,live,1.053900990966797,1.04536,0.00018310546875
3_KPCWTlive_740nm_3033mW_u1_poc0p1_20x0p75NA_475s50_g70_z1_256pix_basicFLIM_120f_overloadedposns_0000.sdt,live,1.034592159670405,1.02691,0.00039673456931410697
3_KPCWTlive_740nm_3033mW_u1_poc0p2_20x0p75NA_535s50_g70_z1_256pix_basicFLIM_120f_0000.sdt,live,1.0475453219451905,1.03976,0.0
3_KPCWTlive_740nm_3033mW_u1_poc0p2_20x0p75NA_535s50_g70_z1_256pix_basicFLIM_120f_0001.sdt,live,1.0270389389661096,0.985008,0.011275964391691394
3_KPCWTlive_740nm_3033mW_u1_poc0p25_20x0p75NA_535s50_g70_z1_256pix_basicFLIM_120f_0000.sdt,live,1.07105221736145,1.062025,3.0517578125e-05
3_KPCWTlive_740nm_3033mW_u1_poc0p25_20x0p75NA_535s50_g70_z1_256pix_basicFLIM_120f_0001.sdt,live,1.054875382965088,1.04871,0.0
3_KPCWTlive_740nm_3033mW_u1_poc0p25_20x0p75NA_535s50_g70_z1_256pix_basicFLIM_120f_0002.sdt,live,1.0581263837738035,1.04992,1.52587890625e-05
3_KPCWTlive_740nm_3033mW_u1_poc0p25_20x0p75NA_535s50_g70_z1_256pix_basicFLIM_120f_0003.sdt,live,1.0709123401336669,1.059345,0.0005645751953125
3_KPCWTlive_740nm_3033mW_u1_poc0p25_20x0p75NA_535s50_g70_z1_256pix_basicFLIM_120f_0004.sdt,live,1.0625087597808838,1.05417,0.0
3_KPCWTlive_740nm_3033mW_u1_poc0p25_20x0p75NA_535s50_g70_z1_256pix_basicFLIM_120f_0005.sdt,live,1.0724784965209961,1.06267,0.0011138916015625
3_KPCWTlive_740nm_3033mW_u1_poc0p25_20x0p75NA_535s50_g70_z1_256pix_basicFLIM_120f_0006.sdt,live,1.0710252161254883,1.063345,0.0
3_KPCWTlive_740nm_3033mW_u1_poc0p25_20x0p75NA_535s50_g70_z1_256pix_basicFLIM_120f_0007.sdt,live,1.0785453717651365,1.06972,0.0014190673828125
3_KPCWTlive_740nm_3033mW_u1_poc0p25_20x0p75NA_535s50_g70_z1_256pix_basicFLIM_120f_0008.sdt,live,1.052886196166992,1.044785,0.0
3_KPCWTlive_740nm_3033mW_u1_poc0p25_20x0p75NA_535s50_g70_z1_256pix_basicFLIM_120f_0009.sdt,live,1.0585388284759523,1.050395,0.0
3_KPCWTlive_740nm_3033mW_u1_poc0p25_20x0p75NA_535s50_g70_z1_256pix_basicFLIM_120f_0010.sdt,live,1.065184421524048,1.057115,0.0001068115234375
3_KPCWTlive_740nm_3033mW_u1_poc0p25_20x0p75NA_535s50_g70_z1_256pix_basicFLIM_120f_0011.sdt,live,1.0750178699188233,1.06145,0.00286865234375
3_KPCWTlive_740nm_3033mW_u1_poc0p25_20x0p75NA_535s50_g70_z1_256pix_basicFLIM_120f_0012.sdt,live,1.0596549611663817,1.04839,0.0023193359375
3_KPCWTlive_740nm_3033mW_u1_poc0p25_20x0p75NA_535s50_g70_z1_256pix_basicFLIM_120f_0013.sdt,live,1.0588298655700683,1.04812,7.62939453125e-05
3_KPCWTlive_740nm_3033mW_u1_poc0p25_20x0p75NA_535s50_g70_z1_256pix_basicFLIM_120f_0014.sdt,live,1.0621481456604003,1.0505149999999999,0.00128173828125
3_KPCWTlive_740nm_3033mW_u1_poc0p25_20x0p75NA_535s50_g70_z1_256pix_basicFLIM_120f_0015.sdt,live,1.0712177309570312,1.056605,0.002227783203125
3_KPCWTlive_740nm_3033mW_u1_poc0p25_20x0p75NA_535s50_g70_z1_256pix_basicFLIM_120f_0016.sdt,live,1.0639461410980224,1.05739,0.0
3_KPCWTlive_740nm_3033mW_u1_poc0p25_20x0p75NA_535s50_g70_z1_256pix_basicFLIM_120f_0017.sdt,live,1.0646442592926024,1.05517,0.0
3_KPCWTlive_740nm_3033mW_u1_poc0p25_20x0p75NA_535s50_g70_z1_256pix_basicFLIM_120f_0018.sdt,live,1.0648859251556395,1.049535,0.0011444091796875
3_KPCWTlive_740nm_3033mW_u1_poc0p25_20x0p75NA_535s50_g70_z1_256pix_basicFLIM_120f_0019.sdt,live,1.0636361222534179,1.05376,0.001129150390625
3_KPCWTlive_740nm_3033mW_u1_poc0p25_20x0p75NA_535s50_g70_z1_256pix_basicFLIM_120f_0020.sdt,live,1.0461508995513915,1.03767,0.001434326171875
3_KPCWTlive_740nm_3033mW_u1_poc0p25_20x0p75NA_535s50_g70_z1_256pix_basicFLIM_120f_0021.sdt,live,1.0511123339691162,1.043975,0.0
3_KPCWTlive_740nm_3033mW_u1_poc0p25_20x0p75NA_535s50_g70_z1_256pix_basicFLIM_120f_0022.sdt,live,1.0607854757843018,1.05387,0.0
3_KPCWTlive_740nm_3033mW_u1_poc0p25_20x0p75NA_535s50_g70_z1_256pix_basicFLIM_120f_0023.sdt,live,1.0615334687957763,1.05002,0.00299072265625
3_KPCWTlive_740nm_3033mW_u1_poc0p25_20x0p75NA_535s50_g70_z1_256pix_basicFLIM_120f_0024.sdt,live,1.0719804116821288,1.05896,0.004302978515625
3_KPCWTform20min_740nm_3006mW_u1_poc0p25_20x0p75NA_475s50_g70_z1_256pix_basicFLIM_120f_0000.sdt,form,1.4092021298727067,1.3776549999999999,0.053649378796666564
3_KPCWTform20min_740nm_3006mW_u1_poc0p25_20x0p75NA_475s50_g70_z1_256pix_basicFLIM_120f_0001.sdt,form,1.1274745525360106,1.11346,0.0003662109375
3_KPCWTform20min_740nm_3006mW_u1_poc0p25_20x0p75NA_475s50_g70_z1_256pix_basicFLIM_120f_0002.sdt,form,1.0968910269317627,1.089355,0.0
3_KPCWTform20min_740nm_3006mW_u1_poc0p25_20x0p75NA_475s50_g70_z1_256pix_basicFLIM_120f_0003.sdt,form,1.126341029800415,1.11784,0.000244140625
3_KPCWTform20min_740nm_3006mW_u1_poc0p25_20x0p75NA_475s50_g70_z1_256pix_basicFLIM_120f_0004.sdt,form,1.0869063235231262,1.08094,0.00018317814074187146
3_KPCWTform20min_740nm_3006mW_u1_poc0p25_20x0p75NA_475s50_g70_z1_256pix_basicFLIM_120f_0005.sdt,form,1.1643500171051027,1.156335,0.0
3_KPCWTform20min_740nm_3006mW_u1_poc0p25_20x0p75NA_475s50_g70_z1_256pix_basicFLIM_120f_0006.sdt,form,1.1284269697113039,1.1222400000000001,1.52587890625e-05
3_KPCWTform20min_740nm_3006mW_u1_poc0p25_20x0p75NA_475s50_g70_z1_256pix_basicFLIM_120f_0007.sdt,form,1.0898423742370604,1.077575,0.00128173828125
3_KPCWTform20min_740nm_3006mW_u1_poc0p25_20x0p75NA_475s50_g70_z1_256pix_basicFLIM_120f_0008.sdt,form,1.0434276144104004,1.03206,3.0517578125e-05
3_KPCWTform20min_740nm_3006mW_u1_poc0p25_20x0p75NA_475s50_g70_z1_256pix_basicFLIM_120f_0009.sdt,form,1.0472913587747814,1.03953,0.00045785449384185705
3_KPCWTform20min_740nm_3006mW_u1_poc0p25_20x0p75NA_475s50_g70_z1_256pix_basicFLIM_120f_0010.sdt,form,1.031203748027161,1.019295,0.0007646662996268429
3_KPCWTform20min_740nm_3006mW_u1_poc0p25_20x0p75NA_475s50_g70_z1_256pix_basicFLIM_120f_0011.sdt,form,1.0508981589476736,1.0403,0.0006256580854862584
3_KPCWTform20min_740nm_3006mW_u1_poc0p25_20x0p75NA_535s50_g70_z1_256pix_basicFLIM_120f_0000.sdt,form,1.0163291023463341,0.994185,0.0022924840372336333
3_KPCWTform20min_740nm_3006mW_u1_poc0p25_20x0p75NA_535s50_g70_z1_256pix_basicFLIM_120f_0001.sdt,form,1.045248960402234,1.035475,0.00022888882106997894
3_KPCWTform20min_740nm_3006mW_u1_poc0p25_20x0p75NA_535s50_g70_z1_256pix_basicFLIM_120f_0002.sdt,form,1.0939446571807863,1.0843150000000001,0.0001220703125
3_KPCWTform20min_740nm_3006mW_u1_poc0p25_20x0p75NA_535s50_g70_z1_256pix_basicFLIM_120f_0003.sdt,form,1.0448367191143257,1.0364849999999999,0.0003814930110480376
3_KPCWTform20min_740nm_3006mW_u1_poc0p25_20x0p75NA_535s50_g70_z1_256pix_basicFLIM_120f_0004.sdt,form,1.0744071341001435,1.06896,0.0004582531390340024
3_KPCWTform20min_740nm_3006mW_u1_poc0p25_20x0p75NA_535s50_g70_z1_256pix_basicFLIM_120f_0005.sdt,form,1.1982571910095214,1.19283,1.52587890625e-05
3_KPCWTform20min_740nm_3006mW_u1_poc0p25_20x0p75NA_535s50_g70_z1_256pix_basicFLIM_120f_0006.sdt,form,1.1426750173034668,1.134035,0.0
3_KPCWTform20min_740nm_3006mW_u1_poc0p25_20x0p75NA_535s50_g70_z1_256pix_basicFLIM_120f_0007.sdt,form,1.0590293917694091,1.04668,0.00030517578125
3_KPCWTform20min_740nm_3006mW_u1_poc0p25_20x0p75NA_535s50_g70_z1_256pix_basicFLIM_120f_0008.sdt,form,1.041613811935425,1.032665,1.52587890625e-05
3_KPCWTform20min_740nm_3006mW_u1_poc0p25_20x0p75NA_535s50_g70_z1_256pix_basicFLIM_120f_0009.sdt,form,1.0465080643363263,1.03875,0.00025960539979231567
3_KPCWTform20min_740nm_3006mW_u1_poc0p25_20x0p75NA_535s50_g70_z1_256pix_basicFLIM_120f_0010.sdt,form,1.0367820337288525,1.02428,0.0012401439179361554
3_KPCWTform20min_740nm_3006mW_u1_poc0p25_20x0p75NA_535s50_g70_z1_256pix_basicFLIM_120f_0011.sdt,form,1.0396123297847863,1.02835,0.000766977036707521
3_KPCWTform20min_740nm_3006mW_u1_poc0p6_20x0p75NA_457s50_g70_z1_256pix_basicFLIM_120f_0000.sdt,form,1.1371538768615723,1.133095,0.0
3_KPCWTform20min_740nm_3006mW_u1_poc0p6_20x0p75NA_457s50_g70_z1_256pix_basicFLIM_120f_0001.sdt,form,1.2112055619964601,1.203575,0.000213623046875
3_KPCWTform20min_740nm_3006mW_u1_poc0p6_20x0p75NA_457s50_g70_z1_256pix_basicFLIM_120f_0002.sdt,form,1.3847632486419679,1.3667150000000001,0.00640869140625
3_KPCWTform20min_740nm_3006mW_u1_poc0p6_20x0p75NA_457s50_g70_z1_256pix_basicFLIM_120f_0003.sdt,form,1.242528567352295,1.222245,0.0018310546875
3_KPCWTform20min_740nm_3006mW_u1_poc0p6_20x0p75NA_457s50_g70_z1_256pix_basicFLIM_120f_0004.sdt,form,1.3700991834716798,1.35502,0.0123748779296875
3_KPCWTform20min_740nm_3006mW_u1_poc0p6_20x0p75NA_457s50_g70_z1_256pix_basicFLIM_120f_0005.sdt,form,1.8454771778411865,1.81405,0.284942626953125
3_KPCWTform20min_740nm_3006mW_u1_poc0p6_20x0p75NA_457s50_g70_z1_256pix_basicFLIM_120f_0006.sdt,form,1.6348164450683593,1.617515,0.0802764892578125
3_KPCWTform20min_740nm_3006mW_u1_poc0p6_20x0p75NA_457s50_g70_z1_256pix_basicFLIM_120f_0007.sdt,form,1.2486175736236573,1.2396099999999999,0.0013427734375
3_KPCWTform20min_740nm_3006mW_u1_poc0p6_20x0p75NA_457s50_g70_z1_256pix_basicFLIM_120f_0008.sdt,form,1.2295848426361085,1.2223,0.0009307861328125
3_KPCWTform20min_740nm_3006mW_u1_poc0p6_20x0p75NA_457s50_g70_z1_256pix_basicFLIM_120f_0009.sdt,form,1.1966246327056886,1.1835,0.003875732421875
3_KPCWTform20min_740nm_3006mW_u1_poc0p6_20x0p75NA_457s50_g70_z1_256pix_basicFLIM_120f_0010.sdt,form,1.1395990717468263,1.128345,0.0
3_KPCWTform20min_740nm_3006mW_u1_poc0p6_20x0p75NA_457s50_g70_z1_256pix_basicFLIM_120f_0011.sdt,form,1.1901942328186035,1.18532,1.52587890625e-05
3_KPCWTform20min_740nm_3006mW_u1_poc0p6_20x0p75NA_457s50_g70_z1_256pix_basicFLIM_120f_0012.sdt,form,1.113270481491089,1.10733,0.0
3_KPCWTform20min_740nm_3006mW_u1_poc0p6_20x0p75NA_457s50_g70_z1_256pix_basicFLIM_120f_0013.sdt,form,1.147426237121582,1.139575,0.0
3_KPCWTform20min_740nm_3006mW_u1_poc0p6_20x0p75NA_457s50_g70_z1_256pix_basicFLIM_120f_0014.sdt,form,1.31931946395874,1.30405,0.0012969970703125
3_KPCWTform20min_740nm_3006mW_u1_poc0p6_20x0p75NA_457s50_g70_z1_256pix_basicFLIM_120f_0015.sdt,form,1.2107651163482667,1.197825,3.0517578125e-05
3_KPCWTform20min_740nm_3006mW_u1_poc0p6_20x0p75NA_457s50_g70_z1_256pix_basicFLIM_120f_0016.sdt,form,1.3253281352844237,1.300885,0.006378173828125
3_KPCWTform20min_740nm_3006mW_u1_poc0p6_20x0p75NA_457s50_g70_z1_256pix_basicFLIM_120f_0017.sdt,form,1.7345770823059081,1.697405,0.1682891845703125
3_KPCWTform20min_740nm_3006mW_u1_poc0p6_20x0p75NA_457s50_g70_z1_256pix_basicFLIM_120f_0018.sdt,form,1.5249184618530274,1.51667,0.0306549072265625
3_KPCWTform20min_740nm_3006mW_u1_poc0p6_20x0p75NA_457s50_g70_z1_256pix_basicFLIM_120f_0019.sdt,form,1.2012536179351807,1.1911,0.0018157958984375
3_KPCWTform20min_740nm_3006mW_u1_poc0p6_20x0p75NA_457s50_g70_z1_256pix_basicFLIM_120f_0020.sdt,form,1.2020040132141112,1.19353,0.0
3_KPCWTform20min_740nm_3006mW_u1_poc0p6_20x0p75NA_457s50_g70_z1_256pix_basicFLIM_120f_0021.sdt,form,1.153050833175659,1.13775,0.003814697265625
3_KPCWTform20min_740nm_3006mW_u1_poc0p6_20x0p75NA_457s50_g70_z1_256pix_basicFLIM_120f_0022.sdt,form,1.1123553695068358,1.1044800000000001,0.0
3_KPCWTform20min_740nm_3006mW_u1_poc0p6_20x0p75NA_457s50_g70_z1_256pix_basicFLIM_120f_0023.sdt,form,1.1589311106567384,1.15142,0.0
4_BKOCO2form20min_740nm_2995mW_u1_poc0p25_20x0p75NA_457s50_g70_z1_256pix_basicFLIM_120f_0000.sdt,form,1.0890625991363525,1.07946,0.0
4_BKOCO2form20min_740nm_2995mW_u1_poc0p25_20x0p75NA_457s50_g70_z1_256pix_basicFLIM_120f_0001.sdt,form,1.0784090735473635,1.070305,3.0517578125e-05
4_BKOCO2form20min_740nm_2995mW_u1_poc0p25_20x0p75NA_457s50_g70_z1_256pix_basicFLIM_120f_0002.sdt,form,1.0512088351745605,1.0400749999999999,0.0
4_BKOCO2form20min_740nm_2995mW_u1_poc0p25_20x0p75NA_457s50_g70_z1_256pix_basicFLIM_120f_0003.sdt,form,1.066685539077759,1.05616,4.57763671875e-05
4_BKOCO2form20min_740nm_2995mW_u1_poc0p25_20x0p75NA_457s50_g70_z1_256pix_basicFLIM_120f_0004.sdt,form,1.0631851732177735,1.053285,4.57763671875e-05
4_BKOCO2form20min_740nm_2995mW_u1_poc0p25_20x0p75NA_457s50_g70_z1_256pix_basicFLIM_120f_0005.sdt,form,1.0579087034606933,1.04767,3.0517578125e-05
4_BKOCO2form20min_740nm_2995mW_u1_poc0p25_20x0p75NA_457s50_g70_z1_256pix_basicFLIM_120f_0006.sdt,form,1.0614548990020751,1.050605,4.57763671875e-05
4_BKOCO2form20min_740nm_2995mW_u1_poc0p25_20x0p75NA_457s50_g70_z1_256pix_basicFLIM_120f_0007.sdt,form,1.0684666157073974,1.058495,3.0517578125e-05
4_BKOCO2form20min_740nm_2995mW_u1_poc0p25_20x0p75NA_457s50_g70_z1_256pix_basicFLIM_120f_0008.sdt,form,1.0546872270812988,1.04488,6.103515625e-05
4_BKOCO2form20min_740nm_2995mW_u1_poc0p25_20x0p75NA_457s50_g70_z1_256pix_basicFLIM_120f_0009.sdt,form,1.065963559249878,1.05635,3.0517578125e-05
4_BKOCO2form20min_740nm_2995mW_u1_poc0p25_20x0p75NA_457s50_g70_z1_256pix_basicFLIM_120f_0010.sdt,form,1.0360359895782472,1.02575,0.000335693359375
4_BKOCO2form20min_740nm_2995mW_u1_poc0p25_20x0p75NA_457s50_g70_z1_256pix_basicFLIM_120f_0011.sdt,form,1.0341627628784178,1.023405,7.62939453125e-05
4_BKOCO2form20min_740nm_2995mW_u1_poc0p25_20x0p75NA_457s50_g70_z1_256pix_basicFLIM_120f_0012.sdt,form,1.038045351074272,1.02351,0.0029758658834893974
4_BKOCO2form20min_740nm_2995mW_u1_poc0p25_20x0p75NA_457s50_g70_z1_256pix_basicFLIM_120f_0013.sdt,form,1.0533363628858745,1.04539,9.155692551844109e-05
4_BKOCO2form20min_740nm_2995mW_u1_poc0p25_20x0p75NA_457s50_g70_z1_256pix_basicFLIM_120f_0014.sdt,form,1.0401565848693846,1.031365,0.0002593994140625
4_BKOCO2form20min_740nm_2995mW_u1_poc0p25_20x0p75NA_457s50_g70_z1_256pix_basicFLIM_120f_0015.sdt,form,1.0407812527910565,1.03138,0.0003512683843181575
4_BKOCO2form20min_740nm_2995mW_u1_poc0p25_20x0p75NA_535s50_g70_z1_256pix_basicFLIM_120f_0000.sdt,form,1.0840669064331054,1.07593,0.0
4_BKOCO2form20min_740nm_2995mW_u1_poc0p25_20x0p75NA_535s50_g70_z1_256pix_basicFLIM_120f_0001.sdt,form,1.0820830358140174,1.07464,7.629743793203424e-05
4_BKOCO2form20min_740nm_2995mW_u1_poc0p25_20x0p75NA_535s50_g70_z1_256pix_basicFLIM_120f_0002.sdt,form,1.0691188381195067,1.059685,0.0
4_BKOCO2form20min_740nm_2995mW_u1_poc0p25_20x0p75NA_535s50_g70_z1_256pix_basicFLIM_120f_0003.sdt,form,1.0655679718933104,1.055415,0.0
4_BKOCO2form20min_740nm_2995mW_u1_poc0p25_20x0p75NA_535s50_g70_z1_256pix_basicFLIM_120f_0004.sdt,form,1.0628439301605226,1.0519,3.0517578125e-05
4_BKOCO2form20min_740nm_2995mW_u1_poc0p25_20x0p75NA_535s50_g70_z1_256pix_basicFLIM_120f_0005.sdt,form,1.0655073617248534,1.057095,4.57763671875e-05
4_BKOCO2form20min_740nm_2995mW_u1_poc0p25_20x0p75NA_535s50_g70_z1_256pix_basicFLIM_120f_0006.sdt,form,1.0705018041229248,1.06168,7.62939453125e-05
4_BKOCO2form20min_740nm_2995mW_u1_poc0p25_20x0p75NA_535s50_g70_z1_256pix_basicFLIM_120f_0007.sdt,form,1.081600630050659,1.072735,0.0
4_BKOCO2form20min_740nm_2995mW_u1_poc0p25_20x0p75NA_535s50_g70_z1_256pix_basicFLIM_120f_0008.sdt,form,1.0514792921905518,1.0420449999999999,1.52587890625e-05
4_BKOCO2form20min_740nm_2995mW_u1_poc0p25_20x0p75NA_535s50_g70_z1_256pix_basicFLIM_120f_0009.sdt,form,1.0722669041137696,1.062815,0.0
4_BKOCO2form20min_740nm_2995mW_u1_poc0p25_20x0p75NA_535s50_g70_z1_256pix_basicFLIM_120f_0010.sdt,form,1.0312480010986498,1.02271,0.00024414435034714275
4_BKOCO2form20min_740nm_2995mW_u1_poc0p25_20x0p75NA_535s50_g70_z1_256pix_basicFLIM_120f_0011.sdt,form,1.0368301934001158,1.02817,4.5811318449744987e-05
4_BKOCO2form20min_740nm_2995mW_u1_poc0p25_20x0p75NA_535s50_g70_z1_256pix_basicFLIM_120f_0012.sdt,form,1.0333113104555396,1.02099,0.0014734850247390381
4_BKOCO2form20min_740nm_2995mW_u1_poc0p25_20x0p75NA_535s50_g70_z1_256pix_basicFLIM_120f_0013.sdt,form,1.0531702531744094,1.04342,0.00015261583541908308
4_BKOCO2form20min_740nm_2995mW_u1_poc0p25_20x0p75NA_535s50_g70_z1_256pix_basicFLIM_120f_0014.sdt,form,1.04570473878479,1.037165,0.0001220703125
4_BKOCO2form20min_740nm_2995mW_u1_poc0p25_20x0p75NA_535s50_g70_z1_256pix_basicFLIM_120f_0015.sdt,form,1.041159329108693,1.03293,0.00027552004408320705
4_BKOCO2form20min_740nm_2995mW_u1_poc0p6_20x0p75NA_457s50_g70_z1_256pix_basicFLIM_120f_0000.sdt,form,1.3824663715820313,1.37611,0.0008697509765625
4_BKOCO2form20min_740nm_2995mW_u1_poc0p6_20x0p75NA_457s50_g70_z1_256pix_basicFLIM_120f_0001.sdt,form,1.3215374314117432,1.30997,0.006988525390625
4_BKOCO2form20min_740nm_2995mW_u1_poc0p6_20x0p75NA_457s50_g70_z1_256pix_basicFLIM_120f_0002.sdt,form,1.2709274145507812,1.263355,0.000152587890625
4_BKOCO2form20min_740nm_2995mW_u1_poc0p6_20x0p75NA_457s50_g70_z1_256pix_basicFLIM_120f_0003.sdt,form,1.2739381452331542,1.26301,1.52587890625e-05
4_BKOCO2form20min_740nm_2995mW_u1_poc0p6_20x0p75NA_457s50_g70_z1_256pix_basicFLIM_120f_0004.sdt,form,1.2945637476654053,1.28558,3.0517578125e-05
4_BKOCO2form20min_740nm_2995mW_u1_poc0p6_20x0p75NA_457s50_g70_z1_256pix_basicFLIM_120f_0005.sdt,form,1.2850061292266846,1.2770350000000001,0.0001068115234375
4_BKOCO2form20min_740nm_2995mW_u1_poc0p6_20x0p75NA_457s50_g70_z1_256pix_basicFLIM_120f_0006.sdt,form,1.2869854469146729,1.2788249999999999,7.62939453125e-05
4_BKOCO2form20min_740nm_2995mW_u1_poc0p6_20x0p75NA_457s50_g70_z1_256pix_basicFLIM_120f_0007.sdt,form,1.3569118885955813,1.345515,0.0009918212890625
4_BKOCO2form20min_740nm_2995mW_u1_poc0p6_20x0p75NA_457s50_g70_z1_256pix_basicFLIM_120f_0008.sdt,form,1.2297996223602294,1.22273,0.0
4_BKOCO2form20min_740nm_2995mW_u1_poc0p6_20x0p75NA_457s50_g70_z1_256pix_basicFLIM_120f_0009.sdt,form,1.2947273584747314,1.286915,7.62939453125e-05
4_BKOCO2form20min_740nm_2995mW_u1_poc0p6_20x0p75NA_457s50_g70_z1_256pix_basicFLIM_120f_0010.sdt,form,1.1861782999114991,1.179975,3.0517578125e-05
4_BKOCO2form20min_740nm_2995mW_u1_poc0p6_20x0p75NA_457s50_g70_z1_256pix_basicFLIM_120f_0011.sdt,form,1.1834437833557128,1.176755,0.0
4_BKOCO2form20min_740nm_2995mW_u1_poc0p6_20x0p75NA_457s50_g70_z1_256pix_basicFLIM_120f_0012.sdt,form,1.1480372051544192,1.141115,0.0
4_BKOCO2form20min_740nm_2995mW_u1_poc0p6_20x0p75NA_457s50_g70_z1_256pix_basicFLIM_120f_0013.sdt,form,1.2333506703796386,1.22542,0.0
4_BKOCO2form20min_740nm_2995mW_u1_poc0p6_20x0p75NA_457s50_g70_z1_256pix_basicFLIM_120f_0014.sdt,form,1.2137541823883056,1.199055,0.0007171630859375
4_BKOCO2form20min_740nm_2995mW_u1_poc0p6_20x0p75NA_457s50_g70_z1_256pix_basicFLIM_120f_0015.sdt,form,1.1970455803833007,1.18123,0.000946044921875
4_BKOCO2form20min_740nm_2995mW_u1_poc0p6_20x0p75NA_535s50_g70_z1_256pix_basicFLIM_120f_0000.sdt,form,1.2760755288085939,1.26947,7.62939453125e-05
4_BKOCO2form20min_740nm_2995mW_u1_poc0p6_20x0p75NA_535s50_g70_z1_256pix_basicFLIM_120f_0001.sdt,form,1.2601292732696532,1.24575,0.003936767578125
4_BKOCO2form20min_740nm_2995mW_u1_poc0p6_20x0p75NA_535s50_g70_z1_256pix_basicFLIM_120f_0002.sdt,form,1.0813365788726808,1.077725,0.0
4_BKOCO2form20min_740nm_2995mW_u1_poc0p6_20x0p75NA_535s50_g70_z1_256pix_basicFLIM_120f_0003.sdt,form,1.0920114480895995,1.088655,0.0
4_BKOCO2form20min_740nm_2995mW_u1_poc0p6_20x0p75NA_535s50_g70_z1_256pix_basicFLIM_120f_0004.sdt,form,1.0774352014465332,1.07281,0.0
4_BKOCO2form20min_740nm_2995mW_u1_poc0p6_20x0p75NA_535s50_g70_z1_256pix_basicFLIM_120f_0005.sdt,form,1.0686791087493897,1.06431,0.0
4_BKOCO2form20min_740nm_2995mW_u1_poc0p6_20x0p75NA_535s50_g70_z1_256pix_basicFLIM_120f_0006.sdt,form,1.070532641708374,1.0655350000000001,0.0
4_BKOCO2form20min_740nm_2995mW_u1_poc0p6_20x0p75NA_535s50_g70_z1_256pix_basicFLIM_120f_0007.sdt,form,1.091475866043091,1.08728,0.0
4_BKOCO2form20min_740nm_2995mW_u1_poc0p6_20x0p75NA_535s50_g70_z1_256pix_basicFLIM_120f_0008.sdt,form,1.079867518386841,1.075075,0.0
4_BKOCO2form20min_740nm_2995mW_u1_poc0p6_20x0p75NA_535s50_g70_z1_256pix_basicFLIM_120f_0009.sdt,form,1.0880314430084228,1.08488,0.0
4_BKOCO2form20min_740nm_2995mW_u1_poc0p6_20x0p75NA_535s50_g70_z1_256pix_basicFLIM_120f_0010.sdt,form,1.0576591049957276,1.05294,0.0
4_BKOCO2form20min_740nm_2995mW_u1_poc0p6_20x0p75NA_535s50_g70_z1_256pix_basicFLIM_120f_0011.sdt,form,1.0728634675445559,1.068505,0.0
4_BKOCO2form20min_740nm_2995mW_u1_poc0p6_20x0p75NA_535s50_g70_z1_256pix_basicFLIM_120f_0012.sdt,form,1.0408525475616455,1.03616,0.0
4_BKOCO2form20min_740nm_2995mW_u1_poc0p6_20x0p75NA_535s50_g70_z1_256pix_basicFLIM_120f_0013.sdt,form,1.081045661392212,1.07834,0.0
4_BKOCO2form20min_740nm_2995mW_u1_poc0p6_20x0p75NA_535s50_g70_z1_256pix_basicFLIM_120f_0014.sdt,form,1.0776591786193848,1.073575,0.0
4_BKOCO2form20min_740nm_2995mW_u1_poc0p6_20x0p75NA_535s50_g70_z1_256pix_basicFLIM_120f_0015.sdt,form,1.069534161605835,1.0645600000000002,0.0
3_BKOCO2live_740nm_3097mW_u1_poc0p2_20x0p75NA_457s50_g70_z1_256pix_basicFLIM_120f_0000.sdt,live,1.0345516376953126,1.0289,1.52587890625e-05
3_BKOCO2live_740nm_3097mW_u1_poc0p2_20x0p75NA_457s50_g70_z1_256pix_basicFLIM_120f_0001.sdt,live,1.0485403526763917,1.042735,0.0
3_BKOCO2live_740nm_3097mW_u1_poc0p2_20x0p75NA_457s50_g70_z1_256pix_basicFLIM_120f_0002.sdt,live,1.0642389993286132,1.060675,3.0517578125e-05
3_BKOCO2live_740nm_3097mW_u1_poc0p2_20x0p75NA_457s50_g70_z1_256pix_basicFLIM_120f_0003.sdt,live,1.0700729084625245,1.06386,0.0
3_BKOCO2live_740nm_3097mW_u1_poc0p2_20x0p75NA_457s50_g70_z1_256pix_basicFLIM_120f_0004.sdt,live,1.055037741470337,1.04653,6.103515625e-05
3_BKOCO2live_740nm_3097mW_u1_poc0p2_20x0p75NA_457s50_g70_z1_256pix_basicFLIM_120f_0005.sdt,live,1.0658587024993897,1.05949,0.0
3_BKOCO2live_740nm_3097mW_u1_poc0p2_20x0p75NA_457s50_g70_z1_256pix_basicFLIM_120f_0006.sdt,live,1.0719506731414796,1.0664,0.0
3_BKOCO2live_740nm_3097mW_u1_poc0p2_20x0p75NA_457s50_g70_z1_256pix_basicFLIM_120f_0007.sdt,live,1.0460878934936524,1.036545,0.0
3_BKOCO2live_740nm_3097mW_u1_poc0p2_20x0p75NA_457s50_g70_z1_256pix_basicFLIM_120f_0008.sdt,live,1.0708829701080322,1.06406,0.0
3_BKOCO2live_740nm_3097mW_u1_poc0p2_20x0p75NA_457s50_g70_z1_256pix_basicFLIM_120f_0009.sdt,live,1.0720605952606204,1.0659450000000001,0.0
3_BKOCO2live_740nm_3097mW_u1_poc0p2_20x0p75NA_457s50_g70_z1_256pix_basicFLIM_120f_0010.sdt,live,1.0736825803222656,1.06986,4.57763671875e-05
3_BKOCO2live_740nm_3097mW_u1_poc0p2_20x0p75NA_457s50_g70_z1_256pix_basicFLIM_120f_0011.sdt,live,1.0765875083007814,1.0704449999999999,0.0
3_BKOCO2live_740nm_3097mW_u1_poc0p2_20x0p75NA_457s50_g70_z1_256pix_basicFLIM_120f_0012.sdt,live,1.0706595245208739,1.06821,4.57763671875e-05
3_BKOCO2live_740nm_3097mW_u1_poc0p2_20x0p75NA_457s50_g70_z1_256pix_basicFLIM_120f_0013.sdt,live,1.0450086928405762,1.039605,0.00018310546875
3_BKOCO2live_740nm_3097mW_u1_poc0p2_20x0p75NA_457s50_g70_z1_256pix_basicFLIM_120f_0014.sdt,live,1.0526738611450195,1.049855,4.57763671875e-05
3_BKOCO2live_740nm_3097mW_u1_poc0p2_20x0p75NA_457s50_g70_z1_256pix_basicFLIM_120f_0015.sdt,live,1.0468223076629637,1.03859,4.57763671875e-05
3_BKOCO2live_740nm_3097mW_u1_poc0p2_20x0p75NA_535s50_g70_z1_256pix_basicFLIM_120f_0000.sdt,live,1.027796142654419,1.01511,0.000152587890625
3_BKOCO2live_740nm_3097mW_u1_poc0p2_20x0p75NA_535s50_g70_z1_256pix_basicFLIM_120f_0001.sdt,live,1.0427690351715087,1.033045,0.0
3_BKOCO2live_740nm_3097mW_u1_poc0p2_20x0p75NA_535s50_g70_z1_256pix_basicFLIM_120f_0002.sdt,live,1.0558796121673584,1.047495,1.52587890625e-05
3_BKOCO2live_740nm_3097mW_u1_poc0p2_20x0p75NA_535s50_g70_z1_256pix_basicFLIM_120f_0003.sdt,live,1.0765956107788086,1.06838,0.0
3_BKOCO2live_740nm_3097mW_u1_poc0p2_20x0p75NA_535s50_g70_z1_256pix_basicFLIM_120f_0004.sdt,live,1.0496813510131835,1.03998,0.0
3_BKOCO2live_740nm_3097mW_u1_poc0p2_20x0p75NA_535s50_g70_z1_256pix_basicFLIM_120f_0005.sdt,live,1.070747925918579,1.062255,0.0
3_BKOCO2live_740nm_3097mW_u1_poc0p2_20x0p75NA_535s50_g70_z1_256pix_basicFLIM_120f_0006.sdt,live,1.0780069839477537,1.06853,0.0
3_BKOCO2live_740nm_3097mW_u1_poc0p2_20x0p75NA_535s50_g70_z1_256pix_basicFLIM_120f_0007.sdt,live,1.0559465380706787,1.04699,0.0
3_BKOCO2live_740nm_3097mW_u1_poc0p2_20x0p75NA_535s50_g70_z1_256pix_basicFLIM_120f_0008.sdt,live,1.067027919342041,1.058025,9.1552734375e-05
3_BKOCO2live_740nm_3097mW_u1_poc0p2_20x0p75NA_535s50_g70_z1_256pix_basicFLIM_120f_0009.sdt,live,1.0785708772888185,1.06987,0.0
3_BKOCO2live_740nm_3097mW_u1_poc0p2_20x0p75NA_535s50_g70_z1_256pix_basicFLIM_120f_0010.sdt,live,1.08254824949646,1.07439,0.0001068115234375
3_BKOCO2live_740nm_3097mW_u1_poc0p2_20x0p75NA_535s50_g70_z1_256pix_basicFLIM_120f_0011.sdt,live,1.08562171774292,1.07631,1.52587890625e-05
3_BKOCO2live_740nm_3097mW_u1_poc0p2_20x0p75NA_535s50_g70_z1_256pix_basicFLIM_120f_0012.sdt,live,1.0768279611663818,1.07242,0.0
3_BKOCO2live_740nm_3097mW_u1_poc0p2_20x0p75NA_535s50_g70_z1_256pix_basicFLIM_120f_0013.sdt,live,1.0594132624359132,1.05007,9.1552734375e-05
3_BKOCO2live_740nm_3097mW_u1_poc0p2_20x0p75NA_535s50_g70_z1_256pix_basicFLIM_120f_0014.sdt,live,1.0412629683532715,1.02973,0.001190185546875
3_BKOCO2live_740nm_3097mW_u1_poc0p2_20x0p75NA_535s50_g70_z1_256pix_basicFLIM_120f_0015.sdt,live,1.0646925033111572,1.05179,0.0001220703125
3_BKOCO2live_740nm_3097mW_u1_poc0p45_20x0p75NA_535s50_g70_z1_256pix_basicFLIM_120f_0000.sdt,live,1.1540025923767092,1.139235,0.00421142578125
3_BKOCO2live_740nm_3097mW_u1_poc0p45_20x0p75NA_535s50_g70_z1_256pix_basicFLIM_120f_0001.sdt,live,1.1979478824157714,1.1803,0.004913330078125
3_BKOCO2live_740nm_3097mW_u1_poc0p45_20x0p75NA_535s50_g70_z1_256pix_basicFLIM_120f_0002.sdt,live,1.1546732549285887,1.13734,0.0030975341796875
3_BKOCO2live_740nm_3097mW_u1_poc0p45_20x0p75NA_535s50_g70_z1_256pix_basicFLIM_120f_0003.sdt,live,1.19801533152771,1.17679,0.0074615478515625
3_BKOCO2live_740nm_3097mW_u1_poc0p45_20x0p75NA_535s50_g70_z1_256pix_basicFLIM_120f_0004.sdt,live,1.1286371494140626,1.121475,0.0012359619140625
3_BKOCO2live_740nm_3097mW_u1_poc0p45_20x0p75NA_535s50_g70_z1_256pix_basicFLIM_120f_0005.sdt,live,1.1604480075378418,1.14842,0.00177001953125
3_BKOCO2live_740nm_3097mW_u1_poc0p45_20x0p75NA_535s50_g70_z1_256pix_basicFLIM_120f_0006.sdt,live,1.2234667274475095,1.190115,0.01080322265625
3_BKOCO2live_740nm_3097mW_u1_poc0p45_20x0p75NA_535s50_g70_z1_256pix_basicFLIM_120f_0007.sdt,live,1.2279445255126953,1.206775,0.008941650390625
3_BKOCO2live_740nm_3097mW_u1_poc0p45_20x0p75NA_535s50_g70_z1_256pix_basicFLIM_120f_0008.sdt,live,1.149572421447754,1.14047,0.0014801025390625
3_BKOCO2live_740nm_3097mW_u1_poc0p45_20x0p75NA_535s50_g70_z1_256pix_basicFLIM_120f_0009.sdt,live,1.2147715017089844,1.18531,0.0096588134765625
3_BKOCO2live_740nm_3097mW_u1_poc0p45_20x0p75NA_535s50_g70_z1_256pix_basicFLIM_120f_0010.sdt,live,1.252543767288208,1.215975,0.01519775390625
3_BKOCO2live_740nm_3097mW_u1_poc0p45_20x0p75NA_535s50_g70_z1_256pix_basicFLIM_120f_0011.sdt,live,1.1656206761016845,1.15239,0.0027618408203125
3_BKOCO2live_740nm_3097mW_u1_poc0p45_20x0p75NA_535s50_g70_z1_256pix_basicFLIM_120f_0012.sdt,live,1.233189495300293,1.206055,0.0119171142578125
3_BKOCO2live_740nm_3097mW_u1_poc0p45_20x0p75NA_535s50_g70_z1_256pix_basicFLIM_120f_0013.sdt,live,1.2292789498901366,1.19379,0.0098724365234375
3_BKOCO2live_740nm_3097mW_u1_poc0p45_20x0p75NA_535s50_g70_z1_256pix_basicFLIM_120f_0014.sdt,live,1.1857031068573,1.16193,0.0061187744140625
3_BKOCO2live_740nm_3097mW_u1_poc0p45_20x0p75NA_535s50_g70_z1_256pix_basicFLIM_120f_0015.sdt,live,1.158670090133667,1.129805,0.0087127685546875
3_BKOCO2live_740nm_3097mW_u1_poc0p45_20x0p75NA_457s50_g70_z1_256pix_basicFLIM_120f_0000.sdt,live,1.2045178219299315,1.18686,0.005218505859375
3_BKOCO2live_740nm_3097mW_u1_poc0p45_20x0p75NA_457s50_g70_z1_256pix_basicFLIM_120f_0001.sdt,live,1.21428499609375,1.20153,0.003448486328125
3_BKOCO2live_740nm_3097mW_u1_poc0p45_20x0p75NA_457s50_g70_z1_256pix_basicFLIM_120f_0002.sdt,live,1.1647818924865723,1.1476250000000001,0.006744384765625
3_BKOCO2live_740nm_3097mW_u1_poc0p45_20x0p75NA_457s50_g70_z1_256pix_basicFLIM_120f_0003.sdt,live,1.319725358291626,1.280595,0.023468017578125
3_BKOCO2live_740nm_3097mW_u1_poc0p45_20x0p75NA_457s50_g70_z1_256pix_basicFLIM_120f_0004.sdt,live,1.2201793784942627,1.20254,0.0038299560546875
3_BKOCO2live_740nm_3097mW_u1_poc0p45_20x0p75NA_457s50_g70_z1_256pix_basicFLIM_120f_0005.sdt,live,1.3039771033477783,1.28527,0.0074005126953125
3_BKOCO2live_740nm_3097mW_u1_poc0p45_20x0p75NA_457s50_g70_z1_256pix_basicFLIM_120f_0006.sdt,live,1.3478465919647218,1.30495,0.0170745849609375
3_BKOCO2live_740nm_3097mW_u1_poc0p45_20x0p75NA_457s50_g70_z1_256pix_basicFLIM_120f_0007.sdt,live,1.2451600345153808,1.22071,0.0106658935546875
3_BKOCO2live_740nm_3097mW_u1_poc0p45_20x0p75NA_457s50_g70_z1_256pix_basicFLIM_120f_0008.sdt,live,1.0671902732391358,1.061575,0.0
3_BKOCO2live_740nm_3097mW_u1_poc0p45_20x0p75NA_457s50_g70_z1_256pix_basicFLIM_120f_0009.sdt,live,1.2836852928009033,1.23951,0.0186614990234375
3_BKOCO2live_740nm_3097mW_u1_poc0p45_20x0p75NA_457s50_g70_z1_256pix_basicFLIM_120f_0010.sdt,live,1.1680410112152102,1.15587,0.0043487548828125
3_BKOCO2live_740nm_3097mW_u1_poc0p45_20x0p75NA_457s50_g70_z1_256pix_basicFLIM_120f_0011.sdt,live,1.3866793010559082,1.35027,0.0250091552734375
3_BKOCO2live_740nm_3097mW_u1_poc0p45_20x0p75NA_457s50_g70_z1_256pix_basicFLIM_120f_0012.sdt,live,1.3164394293670656,1.28216,0.0167083740234375
3_BKOCO2live_740nm_3097mW_u1_poc0p45_20x0p75NA_457s50_g70_z1_256pix_basicFLIM_120f_0013.sdt,live,1.283713137130737,1.23705,0.0129241943359375
3_BKOCO2live_740nm_3097mW_u1_poc0p45_20x0p75NA_457s50_g70_z1_256pix_basicFLIM_120f_0014.sdt,live,1.1389792587280274,1.12372,0.0031890869140625
3_BKOCO2live_740nm_3097mW_u1_poc0p45_20x0p75NA_457s50_g70_z1_256pix_basicFLIM_120f_0015.sdt,live,1.2453183773498537,1.2001149999999998,0.0182952880859375
3_KPCWTform10min_740nm_3082mW_u1_poc0p25_20x0p75NA_457s50_g70_z1_256pix_basicFLIM_120f_0000.sdt,form,1.1968458058166505,1.18649,0.0008392333984375
3_KPCWTform10min_740nm_3082mW_u1_poc0p25_20x0p75NA_457s50_g70_z1_256pix_basicFLIM_120f_0001.sdt,form,1.0943557906188963,1.081945,1.52587890625e-05
3_KPCWTform10min_740nm_3082mW_u1_poc0p25_20x0p75NA_457s50_g70_z1_256pix_basicFLIM_120f_0002.sdt,form,1.1257365282592775,1.1130499999999999,0.0
3_KPCWTform10min_740nm_3082mW_u1_poc0p25_20x0p75NA_457s50_g70_z1_256pix_basicFLIM_120f_0003.sdt,form,1.2067897783508301,1.19758,7.62939453125e-05
3_KPCWTform10min_740nm_3082mW_u1_poc0p25_20x0p75NA_457s50_g70_z1_256pix_basicFLIM_120f_0004.sdt,form,1.1141505812072752,1.10368,0.0
3_KPCWTform10min_740nm_3082mW_u1_poc0p25_20x0p75NA_457s50_g70_z1_256pix_basicFLIM_120f_0005.sdt,form,1.14534694090271,1.133315,0.000396728515625
3_KPCWTform10min_740nm_3082mW_u1_poc0p25_20x0p75NA_457s50_g70_z1_256pix_basicFLIM_120f_0006.sdt,form,1.0892221654510497,1.07726,0.0
3_KPCWTform10min_740nm_3082mW_u1_poc0p25_20x0p75NA_457s50_g70_z1_256pix_basicFLIM_120f_0007.sdt,form,1.0671281775512695,1.05993,1.52587890625e-05
3_KPCWTform10min_740nm_3082mW_u1_poc0p25_20x0p75NA_457s50_g70_z1_256pix_basicFLIM_120f_0008.sdt,form,1.0752268835601806,1.067385,0.0
3_KPCWTform10min_740nm_3082mW_u1_poc0p25_20x0p75NA_457s50_g70_z1_256pix_basicFLIM_120f_0009.sdt,form,1.191702861831665,1.186165,0.0
3_KPCWTform10min_740nm_3082mW_u1_poc0p25_20x0p75NA_457s50_g70_z1_256pix_basicFLIM_120f_0010.sdt,form,1.1069604470672607,1.09519,0.0
3_KPCWTform10min_740nm_3082mW_u1_poc0p25_20x0p75NA_457s50_g70_z1_256pix_basicFLIM_120f_0011.sdt,form,1.130863649749756,1.116235,3.0517578125e-05
3_KPCWTform10min_740nm_3082mW_u1_poc0p25_20x0p75NA_457s50_g70_z1_256pix_basicFLIM_120f_0012.sdt,form,1.1368639788970947,1.12914,0.0
3_KPCWTform10min_740nm_3082mW_u1_poc0p25_20x0p75NA_457s50_g70_z1_256pix_basicFLIM_120f_0013.sdt,form,1.1262603858032227,1.1158,1.52587890625e-05
3_KPCWTform10min_740nm_3082mW_u1_poc0p25_20x0p75NA_457s50_g70_z1_256pix_basicFLIM_120f_0014.sdt,form,1.1137858246612549,1.10387,0.000152587890625
3_KPCWTform10min_740nm_3082mW_u1_poc0p25_20x0p75NA_457s50_g70_z1_256pix_basicFLIM_120f_0015.sdt,form,1.1619762142791747,1.159275,4.57763671875e-05
3_KPCWTform10min_740nm_3082mW_u1_poc0p25_20x0p75NA_457s50_g70_z1_256pix_basicFLIM_120f_0016.sdt,form,1.0695354310302734,1.058135,0.0001373291015625
3_KPCWTform10min_740nm_3083mW_u1_poc0p25_20x0p75NA_535s50_g70_z1_256pix_basicFLIM_120f_0000.sdt,form,1.1098589549865723,1.1015,0.0002288818359375
3_KPCWTform10min_740nm_3083mW_u1_poc0p25_20x0p75NA_535s50_g70_z1_256pix_basicFLIM_120f_0001.sdt,form,1.0816942742156983,1.07021,9.1552734375e-05
3_KPCWTform10min_740nm_3083mW_u1_poc0p25_20x0p75NA_535s50_g70_z1_256pix_basicFLIM_120f_0002.sdt,form,1.1008244480133056,1.08707,0.0
3_KPCWTform10min_740nm_3083mW_u1_poc0p25_20x0p75NA_535s50_g70_z1_256pix_basicFLIM_120f_0003.sdt,form,1.132575027359009,1.12121,0.0002593994140625
3_KPCWTform10min_740nm_3083mW_u1_poc0p25_20x0p75NA_535s50_g70_z1_256pix_basicFLIM_120f_0004.sdt,form,1.0804243448944093,1.069975,0.0
3_KPCWTform10min_740nm_3083mW_u1_poc0p25_20x0p75NA_535s50_g70_z1_256pix_basicFLIM_120f_0005.sdt,form,1.093317394012451,1.084495,0.0001220703125
3_KPCWTform10min_740nm_3083mW_u1_poc0p25_20x0p75NA_535s50_g70_z1_256pix_basicFLIM_120f_0006.sdt,form,1.072716164001465,1.057935,3.0517578125e-05
3_KPCWTform10min_740nm_3083mW_u1_poc0p25_20x0p75NA_535s50_g70_z1_256pix_basicFLIM_120f_0007.sdt,form,1.0487757557373047,1.038735,0.00048828125
3_KPCWTform10min_740nm_3083mW_u1_poc0p25_20x0p75NA_535s50_g70_z1_256pix_basicFLIM_120f_0008.sdt,form,1.0740475752105711,1.06311,0.000457763671875
3_KPCWTform10min_740nm_3083mW_u1_poc0p25_20x0p75NA_535s50_g70_z1_256pix_basicFLIM_120f_0009.sdt,form,1.1271182140808105,1.12336,0.0
3_KPCWTform10min_740nm_3083mW_u1_poc0p25_20x0p75NA_535s50_g70_z1_256pix_basicFLIM_120f_0010.sdt,form,1.0784614918365478,1.067795,0.0001068115234375
3_KPCWTform10min_740nm_3083mW_u1_poc0p25_20x0p75NA_535s50_g70_z1_256pix_basicFLIM_120f_0011.sdt,form,1.0992770106506349,1.090405,1.52587890625e-05
3_KPCWTform10min_740nm_3083mW_u1_poc0p25_20x0p75NA_535s50_g70_z1_256pix_basicFLIM_120f_0012.sdt,form,1.0807242027435302,1.07135,0.0002593994140625
3_KPCWTform10min_740nm_3083mW_u1_poc0p25_20x0p75NA_535s50_g70_z1_256pix_basicFLIM_120f_0013.sdt,form,1.0869548727722167,1.080695,6.103515625e-05
3_KPCWTform10min_740nm_3083mW_u1_poc0p25_20x0p75NA_535s50_g70_z1_256pix_basicFLIM_120f_0014.sdt,form,1.0659739875335692,1.05921,0.0001068115234375
3_KPCWTform10min_740nm_3083mW_u1_poc0p25_20x0p75NA_535s50_g70_z1_256pix_basicFLIM_120f_0015.sdt,form,1.1027560754394532,1.0933950000000001,0.0001678466796875
3_KPCWTform10min_740nm_3083mW_u1_poc0p25_20x0p75NA_535s50_g70_z1_256pix_basicFLIM_120f_0016.sdt,form,1.0569851217956543,1.049645,4.57763671875e-05
3_KPCWTform10min_740nm_3083mW_u1_poc0p6_20x0p75NA_535s50_g70_z1_256pix_basicFLIM_120f_0000.sdt,form,1.4985517184753419,1.492465,0.0078277587890625
3_KPCWTform10min_740nm_3083mW_u1_poc0p6_20x0p75NA_535s50_g70_z1_256pix_basicFLIM_120f_0001.sdt,form,1.212616236022949,1.2033749999999999,0.0001373291015625
3_KPCWTform10min_740nm_3083mW_u1_poc0p6_20x0p75NA_535s50_g70_z1_256pix_basicFLIM_120f_0002.sdt,form,1.3539647318878174,1.326105,0.01519775390625
3_KPCWTform10min_740nm_3083mW_u1_poc0p6_20x0p75NA_535s50_g70_z1_256pix_basicFLIM_120f_0003.sdt,form,1.4852050774536134,1.45432,0.0322723388671875
3_KPCWTform10min_740nm_3083mW_u1_poc0p6_20x0p75NA_535s50_g70_z1_256pix_basicFLIM_120f_0004.sdt,form,1.269378383834839,1.253695,0.00091552734375
3_KPCWTform10min_740nm_3083mW_u1_poc0p6_20x0p75NA_535s50_g70_z1_256pix_basicFLIM_120f_0005.sdt,form,1.3600710481262208,1.33705,0.0091705322265625
3_KPCWTform10min_740nm_3083mW_u1_poc0p6_20x0p75NA_535s50_g70_z1_256pix_basicFLIM_120f_0006.sdt,form,1.2268277657165525,1.193855,0.015625
3_KPCWTform10min_740nm_3083mW_u1_poc0p6_20x0p75NA_535s50_g70_z1_256pix_basicFLIM_120f_0007.sdt,form,1.176979350906372,1.16546,0.0037384033203125
3_KPCWTform10min_740nm_3083mW_u1_poc0p6_20x0p75NA_535s50_g70_z1_256pix_basicFLIM_120f_0008.sdt,form,1.4718712803497316,1.45285,0.0214996337890625
3_KPCWTform10min_740nm_3083mW_u1_poc0p6_20x0p75NA_535s50_g70_z1_256pix_basicFLIM_120f_0009.sdt,form,1.2294759575653076,1.21651,0.0
3_KPCWTform10min_740nm_3083mW_u1_poc0p6_20x0p75NA_535s50_g70_z1_256pix_basicFLIM_120f_0010.sdt,form,,,
3_KPCWTform10min_740nm_3083mW_u1_poc0p6_20x0p75NA_535s50_g70_z1_256pix_basicFLIM_120f_0011.sdt,form,1.3306448911743165,1.3039,0.0126190185546875
3_KPCWTform10min_740nm_3083mW_u1_poc0p6_20x0p75NA_535s50_g70_z1_256pix_basicFLIM_120f_0012.sdt,form,1.302736473953247,1.250985,0.0230712890625
3_KPCWTform10min_740nm_3083mW_u1_poc0p6_20x0p75NA_535s50_g70_z1_256pix_basicFLIM_120f_0013.sdt,form,1.3352353547058105,1.32503,0.0051727294921875
3_KPCWTform10min_740nm_3083mW_u1_poc0p6_20x0p75NA_535s50_g70_z1_256pix_basicFLIM_120f_0014.sdt,form,1.1779890957794188,1.15984,0.0002288818359375
3_KPCWTform10min_740nm_3083mW_u1_poc0p6_20x0p75NA_535s50_g70_z1_256pix_basicFLIM_120f_0015.sdt,form,1.2753306339111328,1.26761,0.005828857421875
3_KPCWTform10min_740nm_3083mW_u1_poc0p6_20x0p75NA_535s50_g70_z1_256pix_basicFLIM_120f_0016.sdt,form,1.1238780155639647,1.11462,0.0
3_KPCWTform10min_740nm_3083mW_u1_poc0p6_20x0p75NA_457s50_g70_z1_256pix_basicFLIM_120f_0000.sdt,form,2.228906974334717,2.23134,0.7728729248046875
3_KPCWTform10min_740nm_3083mW_u1_poc0p6_20x0p75NA_457s50_g70_z1_256pix_basicFLIM_120f_0001.sdt,form,1.5125654376525879,1.49588,0.0218658447265625
3_KPCWTform10min_740nm_3083mW_u1_poc0p6_20x0p75NA_457s50_g70_z1_256pix_basicFLIM_120f_0002.sdt,form,1.772949509750366,1.76752,0.2208099365234375
3_KPCWTform10min_740nm_3083mW_u1_poc0p6_20x0p75NA_457s50_g70_z1_256pix_basicFLIM_120f_0003.sdt,form,1.9632888923950196,1.9588899999999998,0.4671783447265625
3_KPCWTform10min_740nm_3083mW_u1_poc0p6_20x0p75NA_457s50_g70_z1_256pix_basicFLIM_120f_0004.sdt,form,1.5764549299316406,1.588415,0.0765380859375
3_KPCWTform10min_740nm_3083mW_u1_poc0p6_20x0p75NA_457s50_g70_z1_256pix_basicFLIM_120f_0005.sdt,form,1.9047314978485108,1.8544,0.3042449951171875
3_KPCWTform10min_740nm_3083mW_u1_poc0p6_20x0p75NA_457s50_g70_z1_256pix_basicFLIM_120f_0006.sdt,form,1.4907151257324218,1.454735,0.0306549072265625
3_KPCWTform10min_740nm_3083mW_u1_poc0p6_20x0p75NA_457s50_g70_z1_256pix_basicFLIM_120f_0007.sdt,form,1.3369084952850343,1.298625,0.01788330078125
3_KPCWTform10min_740nm_3083mW_u1_poc0p6_20x0p75NA_457s50_g70_z1_256pix_basicFLIM_120f_0008.sdt,form,1.4077086189117431,1.39138,0.0078582763671875
3_KPCWTform10min_740nm_3083mW_u1_poc0p6_20x0p75NA_457s50_g70_z1_256pix_basicFLIM_120f_0009.sdt,form,2.0499910913391113,2.052205,0.5538787841796875
3_KPCWTform10min_740nm_3083mW_u1_poc0p6_20x0p75NA_457s50_g70_z1_256pix_basicFLIM_120f_0010.sdt,form,1.6798078313751221,1.66663,0.1778411865234375
3_KPCWTform10min_740nm_3083mW_u1_poc0p6_20x0p75NA_457s50_g70_z1_256pix_basicFLIM_120f_0011.sdt,form,1.8446790476531985,1.84244,0.2980804443359375
3_KPCWTform10min_740nm_3083mW_u1_poc0p6_20x0p75NA_457s50_g70_z1_256pix_basicFLIM_120f_0012.sdt,form,1.6064560762329103,1.59074,0.2007598876953125
3_KPCWTform10min_740nm_3083mW_u1_poc0p6_20x0p75NA_457s50_g70_z1_256pix_basicFLIM_120f_0013.sdt,form,1.708104648864746,1.706995,0.2812957763671875
3_KPCWTform10min_740nm_3083mW_u1_poc0p6_20x0p75NA_457s50_g70_z1_256pix_basicFLIM_120f_0014.sdt,form,1.4474124053955078,1.4125,0.0577850341796875
3_KPCWTform10min_740nm_3083mW_u1_poc0p6_20x0p75NA_457s50_g70_z1_256pix_basicFLIM_120f_0015.sdt,form,1.8133235151672364,1.855035,0.367095947265625
3_KPCWTform10min_740nm_3083mW_u1_poc0p6_20x0p75NA_457s50_g70_z1_256pix_basicFLIM_120f_0016.sdt,form,1.405301226776123,1.3943,0.002655029296875
4_BKOCO2form10min_740nm_3099mW_u1_poc0p25_20x0p75NA_457s50_g70_z1_256pix_basicFLIM_120f_0000.sdt,form,1.1114054891662597,1.09926,0.0
4_BKOCO2form10min_740nm_3099mW_u1_poc0p25_20x0p75NA_457s50_g70_z1_256pix_basicFLIM_120f_0001.sdt,form,1.1381060311737061,1.12474,7.62939453125e-05
4_BKOCO2form10min_740nm_3099mW_u1_poc0p25_20x0p75NA_457s50_g70_z1_256pix_basicFLIM_120f_0002.sdt,form,1.091711829788208,1.07976,0.0
4_BKOCO2form10min_740nm_3099mW_u1_poc0p25_20x0p75NA_457s50_g70_z1_256pix_basicFLIM_120f_0003.sdt,form,1.1270171962738038,1.116255,0.0002899169921875
4_BKOCO2form10min_740nm_3099mW_u1_poc0p25_20x0p75NA_457s50_g70_z1_256pix_basicFLIM_120f_0004.sdt,form,1.0991126598968508,1.093165,0.0
4_BKOCO2form10min_740nm_3099mW_u1_poc0p25_20x0p75NA_457s50_g70_z1_256pix_basicFLIM_120f_0005.sdt,form,1.125686442489624,1.11284,4.57763671875e-05
4_BKOCO2form10min_740nm_3099mW_u1_poc0p25_20x0p75NA_457s50_g70_z1_256pix_basicFLIM_120f_0006.sdt,form,1.11613113079834,1.10397,0.0
4_BKOCO2form10min_740nm_3099mW_u1_poc0p25_20x0p75NA_457s50_g70_z1_256pix_basicFLIM_120f_0007.sdt,form,1.115020189086914,1.1048,3.0517578125e-05
4_BKOCO2form10min_740nm_3099mW_u1_poc0p25_20x0p75NA_457s50_g70_z1_256pix_basicFLIM_120f_0008.sdt,form,1.12108316796875,1.112635,0.0
4_BKOCO2form10min_740nm_3099mW_u1_poc0p25_20x0p75NA_457s50_g70_z1_256pix_basicFLIM_120f_0009.sdt,form,1.1021286327514648,1.0946850000000001,3.0517578125e-05
4_BKOCO2form10min_740nm_3099mW_u1_poc0p25_20x0p75NA_457s50_g70_z1_256pix_basicFLIM_120f_0010.sdt,form,1.0865067247009277,1.07412,0.0002899169921875
4_BKOCO2form10min_740nm_3099mW_u1_poc0p25_20x0p75NA_457s50_g70_z1_256pix_basicFLIM_120f_0011.sdt,form,1.0835255323944093,1.07703,0.0008087158203125
4_BKOCO2form10min_740nm_3099mW_u1_poc0p25_20x0p75NA_457s50_g70_z1_256pix_basicFLIM_120f_0012.sdt,form,1.134991737854004,1.12263,0.0
4_BKOCO2form10min_740nm_3099mW_u1_poc0p25_20x0p75NA_457s50_g70_z1_256pix_basicFLIM_120f_0013.sdt,form,1.1007083287658692,1.09328,0.0002593994140625
4_BKOCO2form10min_740nm_3099mW_u1_poc0p25_20x0p75NA_457s50_g70_z1_256pix_basicFLIM_120f_0014.sdt,form,1.1243478795776367,1.111015,0.000152587890625
4_BKOCO2form10min_740nm_3099mW_u1_poc0p25_20x0p75NA_457s50_g70_z1_256pix_basicFLIM_120f_0015.sdt,form,1.0884778551025391,1.07558,0.0001068115234375
4_BKOCO2form10min_740nm_3099mW_u1_poc0p25_20x0p75NA_457s50_g70_z1_256pix_basicFLIM_120f_0016.sdt,form,1.0499166396484374,1.0417049999999999,0.00030517578125
4_BKOCO2form10min_740nm_3099mW_u1_poc0p25_20x0p75NA_535s50_g70_z1_256pix_basicFLIM_120f_0000.sdt,form,1.133636379272461,1.12594,0.0
4_BKOCO2form10min_740nm_3099mW_u1_poc0p25_20x0p75NA_535s50_g70_z1_256pix_basicFLIM_120f_0001.sdt,form,1.083445157623291,1.07334,0.0
4_BKOCO2form10min_740nm_3099mW_u1_poc0p25_20x0p75NA_535s50_g70_z1_256pix_basicFLIM_120f_0002.sdt,form,1.060681074356079,1.04941,0.0
4_BKOCO2form10min_740nm_3099mW_u1_poc0p25_20x0p75NA_535s50_g70_z1_256pix_basicFLIM_120f_0003.sdt,form,1.0811545690460205,1.07147,0.0
4_BKOCO2form10min_740nm_3099mW_u1_poc0p25_20x0p75NA_535s50_g70_z1_256pix_basicFLIM_120f_0004.sdt,form,1.068960951385498,1.061695,0.0
4_BKOCO2form10min_740nm_3099mW_u1_poc0p25_20x0p75NA_535s50_g70_z1_256pix_basicFLIM_120f_0005.sdt,form,1.0817978246765136,1.070535,6.103515625e-05
4_BKOCO2form10min_740nm_3099mW_u1_poc0p25_20x0p75NA_535s50_g70_z1_256pix_basicFLIM_120f_0006.sdt,form,1.0787725606536864,1.06825,1.52587890625e-05
4_BKOCO2form10min_740nm_3099mW_u1_poc0p25_20x0p75NA_535s50_g70_z1_256pix_basicFLIM_120f_0007.sdt,form,1.0810300615692139,1.067985,4.57763671875e-05
4_BKOCO2form10min_740nm_3099mW_u1_poc0p25_20x0p75NA_535s50_g70_z1_256pix_basicFLIM_120f_0008.sdt,form,1.081058906906128,1.06864,1.52587890625e-05
4_BKOCO2form10min_740nm_3099mW_u1_poc0p25_20x0p75NA_535s50_g70_z1_256pix_basicFLIM_120f_0009.sdt,form,1.0537970385437012,1.043995,0.0
4_BKOCO2form10min_740nm_3099mW_u1_poc0p25_20x0p75NA_535s50_g70_z1_256pix_basicFLIM_120f_0010.sdt,form,1.0592521561889647,1.0489,0.000518798828125
4_BKOCO2form10min_740nm_3099mW_u1_poc0p25_20x0p75NA_535s50_g70_z1_256pix_basicFLIM_120f_0011.sdt,form,1.0413400896606444,1.0315750000000001,0.000823974609375
4_BKOCO2form10min_740nm_3099mW_u1_poc0p25_20x0p75NA_535s50_g70_z1_256pix_basicFLIM_120f_0012.sdt,form,1.0794182349700927,1.071845,0.0
4_BKOCO2form10min_740nm_3099mW_u1_poc0p25_20x0p75NA_535s50_g70_z1_256pix_basicFLIM_120f_0013.sdt,form,1.0655604958648681,1.0558049999999999,4.57763671875e-05
4_BKOCO2form10min_740nm_3099mW_u1_poc0p25_20x0p75NA_535s50_g70_z1_256pix_basicFLIM_120f_0014.sdt,form,1.0832496427001954,1.071685,0.0002288818359375
4_BKOCO2form10min_740nm_3099mW_u1_poc0p25_20x0p75NA_535s50_g70_z1_256pix_basicFLIM_120f_0015.sdt,form,1.0555239059448243,1.04595,6.103515625e-05
4_BKOCO2form10min_740nm_3099mW_u1_poc0p25_20x0p75NA_535s50_g70_z1_256pix_basicFLIM_120f_0016.sdt,form,1.066159697860718,1.052855,0.0015106201171875
4_BKOCO2form10min_740nm_3099mW_u1_poc0p6_20x0p75NA_535s50_g70_z1_256pix_basicFLIM_120f_0000.sdt,form,1.1987501408996581,1.17151,0.007354736328125
4_BKOCO2form10min_740nm_3099mW_u1_poc0p6_20x0p75NA_535s50_g70_z1_256pix_basicFLIM_120f_0001.sdt,form,1.213254818435669,1.20419,1.52587890625e-05
4_BKOCO2form10min_740nm_3099mW_u1_poc0p6_20x0p75NA_535s50_g70_z1_256pix_basicFLIM_120f_0002.sdt,form,1.1527495095062257,1.14321,0.0
4_BKOCO2form10min_740nm_3099mW_u1_poc0p6_20x0p75NA_535s50_g70_z1_256pix_basicFLIM_120f_0003.sdt,form,1.2129412819519043,1.198995,0.000640869140625
4_BKOCO2form10min_740nm_3099mW_u1_poc0p6_20x0p75NA_535s50_g70_z1_256pix_basicFLIM_120f_0004.sdt,form,1.2058979018707277,1.18718,0.0046844482421875
4_BKOCO2form10min_740nm_3099mW_u1_poc0p6_20x0p75NA_535s50_g70_z1_256pix_basicFLIM_120f_0005.sdt,form,1.2425946593933106,1.226265,0.000579833984375
4_BKOCO2form10min_740nm_3099mW_u1_poc0p6_20x0p75NA_535s50_g70_z1_256pix_basicFLIM_120f_0006.sdt,form,1.2413228983764648,1.22295,0.005340576171875
4_BKOCO2form10min_740nm_3099mW_u1_poc0p6_20x0p75NA_535s50_g70_z1_256pix_basicFLIM_120f_0007.sdt,form,1.287663523300171,1.2656200000000002,0.0100860595703125
4_BKOCO2form10min_740nm_3099mW_u1_poc0p6_20x0p75NA_535s50_g70_z1_256pix_basicFLIM_120f_0008.sdt,form,1.2434192895965577,1.227135,0.00103759765625
4_BKOCO2form10min_740nm_3099mW_u1_poc0p6_20x0p75NA_535s50_g70_z1_256pix_basicFLIM_120f_0009.sdt,form,1.1603042501220702,1.14642,1.52587890625e-05
4_BKOCO2form10min_740nm_3099mW_u1_poc0p6_20x0p75NA_535s50_g70_z1_256pix_basicFLIM_120f_0010.sdt,form,1.148138821105957,1.13203,0.0034027099609375
4_BKOCO2form10min_740nm_3099mW_u1_poc0p6_20x0p75NA_535s50_g70_z1_256pix_basicFLIM_120f_0011.sdt,form,1.1369630028533937,1.12683,6.103515625e-05
4_BKOCO2form10min_740nm_3099mW_u1_poc0p6_20x0p75NA_535s50_g70_z1_256pix_basicFLIM_120f_0012.sdt,form,1.28018232182312,1.26863,0.001220703125
4_BKOCO2form10min_740nm_3099mW_u1_poc0p6_20x0p75NA_535s50_g70_z1_256pix_basicFLIM_120f_0013.sdt,form,1.1686502080993653,1.16388,0.0
4_BKOCO2form10min_740nm_3099mW_u1_poc0p6_20x0p75NA_535s50_g70_z1_256pix_basicFLIM_120f_0014.sdt,form,1.2778162680664062,1.258465,0.003631591796875
4_BKOCO2form10min_740nm_3099mW_u1_poc0p6_20x0p75NA_535s50_g70_z1_256pix_basicFLIM_120f_0015.sdt,form,1.1333887229156494,1.12433,0.0
4_BKOCO2form10min_740nm_3099mW_u1_poc0p6_20x0p75NA_535s50_g70_z1_256pix_basicFLIM_120f_0016.sdt,form,1.1496870551605225,1.12624,0.0074920654296875
4_BKOCO2form10min_740nm_3099mW_u1_poc0p6_20x0p75NA_457s50_g70_z1_256pix_basicFLIM_120f_0000.sdt,form,1.5418070865478515,1.51822,0.024383544921875
4_BKOCO2form10min_740nm_3099mW_u1_poc0p6_20x0p75NA_457s50_g70_z1_256pix_basicFLIM_120f_0001.sdt,form,1.6522379276275636,1.64574,0.048370361328125
4_BKOCO2form10min_740nm_3099mW_u1_poc0p6_20x0p75NA_457s50_g70_z1_256pix_basicFLIM_120f_0002.sdt,form,1.359286764678955,1.3419750000000001,0.00274658203125
4_BKOCO2form10min_740nm_3099mW_u1_poc0p6_20x0p75NA_457s50_g70_z1_256pix_basicFLIM_120f_0003.sdt,form,1.369267907180786,1.35086,0.0020294189453125
4_BKOCO2form10min_740nm_3099mW_u1_poc0p6_20x0p75NA_457s50_g70_z1_256pix_basicFLIM_120f_0004.sdt,form,1.4553405039520264,1.43869,0.0198974609375
4_BKOCO2form10min_740nm_3099mW_u1_poc0p6_20x0p75NA_457s50_g70_z1_256pix_basicFLIM_120f_0005.sdt,form,1.575943477935791,1.559405,0.0321502685546875
4_BKOCO2form10min_740nm_3099mW_u1_poc0p6_20x0p75NA_457s50_g70_z1_256pix_basicFLIM_120f_0006.sdt,form,1.620053391342163,1.6033499999999998,0.053070068359375
4_BKOCO2form10min_740nm_3099mW_u1_poc0p6_20x0p75NA_457s50_g70_z1_256pix_basicFLIM_120f_0007.sdt,form,1.6436198222961425,1.62524,0.0642242431640625
4_BKOCO2form10min_740nm_3099mW_u1_poc0p6_20x0p75NA_457s50_g70_z1_256pix_basicFLIM_120f_0008.sdt,form,1.5202303440551759,1.4937900000000002,0.04693603515625
4_BKOCO2form10min_740nm_3099mW_u1_poc0p6_20x0p75NA_457s50_g70_z1_256pix_basicFLIM_120f_0009.sdt,form,1.3537551600494386,1.33777,0.005767822265625
4_BKOCO2form10min_740nm_3099mW_u1_poc0p6_20x0p75NA_457s50_g70_z1_256pix_basicFLIM_120f_0010.sdt,form,1.3131881340026856,1.27913,0.01031494140625
4_BKOCO2form10min_740nm_3099mW_u1_poc0p6_20x0p75NA_457s50_g70_z1_256pix_basicFLIM_120f_0011.sdt,form,1.2773720202331544,1.28139,1.52587890625e-05
4_BKOCO2form10min_740nm_3099mW_u1_poc0p6_20x0p75NA_457s50_g70_z1_256pix_basicFLIM_120f_0012.sdt,form,1.6484951518859865,1.64668,0.0772247314453125
4_BKOCO2form10min_740nm_3099mW_u1_poc0p6_20x0p75NA_457s50_g70_z1_256pix_basicFLIM_120f_0013.sdt,form,1.4480067190856933,1.44202,0.011566162109375
4_BKOCO2form10min_740nm_3099mW_u1_poc0p6_20x0p75NA_457s50_g70_z1_256pix_basicFLIM_120f_0014.sdt,form,1.6484976481781006,1.62597,0.0919647216796875
4_BKOCO2form10min_740nm_3099mW_u1_poc0p6_20x0p75NA_457s50_g70_z1_256pix_basicFLIM_120f_0015.sdt,form,1.3567894501953126,1.3445900000000002,0.0010833740234375
4_BKOCO2form10min_740nm_3099mW_u1_poc0p6_20x0p75NA_457s50_g70_z1_256pix_basicFLIM_120f_0016.sdt,form,1.2840423385009765,1.23694,0.0186004638671875
3_BKOCO2live_740nm_3085mW_u1_poc0p15_20x0p75NA_457s50_g70_z1_256pix_basicFLIM_120f_0000.sdt,live,1.0367831703017447,1.02182,0.001068392374730994
3_BKOCO2live_740nm_3085mW_u1_poc0p15_20x0p75NA_457s50_g70_z1_256pix_basicFLIM_120f_0001.sdt,live,1.0706831096496583,1.058575,0.0001220703125
3_BKOCO2live_740nm_3085mW_u1_poc0p15_20x0p75NA_457s50_g70_z1_256pix_basicFLIM_120f_0002.sdt,live,325.778028241154,1.01455,0.03491414710544913
3_BKOCO2live_740nm_3085mW_u1_poc0p25_20x0p75NA_457s50_g70_z1_256pix_basicFLIM_120f_0000.sdt,live,1.0935219056243897,1.087105,0.0
3_BKOCO2live_740nm_3085mW_u1_poc0p25_20x0p75NA_457s50_g70_z1_256pix_basicFLIM_120f_0001.sdt,live,1.172454453567505,1.16598,0.0
3_BKOCO2live_740nm_3085mW_u1_poc0p25_20x0p75NA_457s50_g70_z1_256pix_basicFLIM_120f_0002.sdt,live,1.0876656076812745,1.0813,1.52587890625e-05
3_BKOCO2live_740nm_3085mW_u1_poc0p25_20x0p75NA_457s50_g70_z1_256pix_basicFLIM_120f_0003.sdt,live,1.1291033635864256,1.1219999999999999,1.52587890625e-05
3_BKOCO2live_740nm_3085mW_u1_poc0p25_20x0p75NA_457s50_g70_z1_256pix_basicFLIM_120f_0004.sdt,live,1.1487949743041992,1.14006,0.0010223388671875
3_BKOCO2live_740nm_3085mW_u1_poc0p25_20x0p75NA_457s50_g70_z1_256pix_basicFLIM_120f_0005.sdt,live,1.076127302017212,1.071545,4.57763671875e-05
3_BKOCO2live_740nm_3085mW_u1_poc0p25_20x0p75NA_457s50_g70_z1_256pix_basicFLIM_120f_0006.sdt,live,1.0284707401786397,1.01267,0.0009313688067791434
3_BKOCO2live_740nm_3085mW_u1_poc0p25_20x0p75NA_457s50_g70_z1_256pix_basicFLIM_120f_0007.sdt,live,1.0344587359574597,1.01765,0.0013752215634741153
3_BKOCO2live_740nm_3085mW_u1_poc0p25_20x0p75NA_457s50_g70_z1_256pix_basicFLIM_120f_0008.sdt,live,1.0495311248779298,1.0357750000000001,0.0003204345703125
3_BKOCO2live_740nm_3085mW_u1_poc0p25_20x0p75NA_457s50_g70_z1_256pix_basicFLIM_120f_0009.sdt,live,1.038010251022121,1.01076,0.008550662676357419
3_BKOCO2live_740nm_3085mW_u1_poc0p25_20x0p75NA_457s50_g70_z1_256pix_basicFLIM_120f_0010.sdt,live,1.018841308018614,0.9819100000000001,0.009180410902529362
3_BKOCO2live_740nm_3085mW_u1_poc0p25_20x0p75NA_457s50_g70_z1_256pix_basicFLIM_120f_0011.sdt,live,1000000.0,1000000.0,1.0
3_BKOCO2live_740nm_3085mW_u1_poc0p25_20x0p75NA_457s50_g70_z1_256pix_basicFLIM_120f_0012.sdt,live,,,
3_BKOCO2live_740nm_3085mW_u1_poc0p25_20x0p75NA_457s50_g70_z1_256pix_basicFLIM_120f_0013.sdt,live,,,
3_BKOCO2live_740nm_3085mW_u1_poc0p25_20x0p75NA_457s50_g70_z1_256pix_basicFLIM_120f_0014.sdt,live,1.0489181332537203,1.01747,0.012676832629064855
3_BKOCO2live_posn11_to_13_740nm_3085mW_u1_poc0p25_20x0p75NA_457s50_g70_z1_256pix_basicFLIM_120f_0000.sdt,live,1.0448524233093628,1.01072,0.010903287125871994
3_BKOCO2live_posn11_to_13_740nm_3085mW_u1_poc0p25_20x0p75NA_457s50_g70_z1_256pix_basicFLIM_120f_0001.sdt,live,1.048985063710827,1.02922,0.005528496029819424
3_BKOCO2live_posn11_to_13_740nm_3085mW_u1_poc0p25_20x0p75NA_457s50_g70_z1_256pix_basicFLIM_120f_0002.sdt,live,1.0431350744270842,1.02112,0.0074203195215173275
3_BKOCO2live_740nm_3085mW_u1_poc0p25_20x0p75NA_535s50_g70_z1_256pix_basicFLIM_120f_0000.sdt,live,0.9979008178996698,0.968087,0.003917953445494353
3_BKOCO2live_740nm_3085mW_u1_poc0p25_20x0p75NA_535s50_g70_z1_256pix_basicFLIM_120f_0001.sdt,live,1.008773373151638,0.989877,0.0010529367780134592
3_BKOCO2live_740nm_3085mW_u1_poc0p25_20x0p75NA_535s50_g70_z1_256pix_basicFLIM_120f_0002.sdt,live,1.0091920777649326,0.976518,0.00545664739884393
3_BKOCO2live_740nm_3085mW_u1_poc0p25_20x0p75NA_535s50_g70_z1_256pix_basicFLIM_120f_0003.sdt,live,1.0041247870947059,0.9805195,0.0019997557550222875
3_BKOCO2live_740nm_3085mW_u1_poc0p25_20x0p75NA_535s50_g70_z1_256pix_basicFLIM_120f_0004.sdt,live,1.0046454154410642,0.9801565,0.002323803699740101
3_BKOCO2live_740nm_3085mW_u1_poc0p25_20x0p75NA_535s50_g70_z1_256pix_basicFLIM_120f_0005.sdt,live,1.0258992275989305,0.984685,0.00992823527572351
3_BKOCO2live_740nm_3085mW_u1_poc0p25_20x0p75NA_535s50_g70_z1_256pix_basicFLIM_120f_0006.sdt,live,1.0006855170479727,0.975632,0.002536946189231733
3_BKOCO2live_740nm_3085mW_u1_poc0p25_20x0p75NA_535s50_g70_z1_256pix_basicFLIM_120f_0007.sdt,live,1.0059176379273307,0.976073,0.004480451727735838
3_BKOCO2live_740nm_3085mW_u1_poc0p25_20x0p75NA_535s50_g70_z1_256pix_basicFLIM_120f_0008.sdt,live,1.0049658635593608,0.983414,0.001556705279062314
3_BKOCO2live_740nm_3085mW_u1_poc0p25_20x0p75NA_535s50_g70_z1_256pix_basicFLIM_120f_0009.sdt,live,1.0225434370100783,0.9855495,0.008383103147940774
3_BKOCO2live_740nm_3085mW_u1_poc0p25_20x0p75NA_535s50_g70_z1_256pix_basicFLIM_120f_0010.sdt,live,1.0248833776804458,0.981444,0.010511861357071831
3_BKOCO2live_740nm_3085mW_u1_poc0p25_20x0p75NA_535s50_g70_z1_256pix_basicFLIM_120f_0011.sdt,live,1.0135506628947368,0.9842095,0.004582043343653251
3_BKOCO2live_740nm_3085mW_u1_poc0p25_20x0p75NA_535s50_g70_z1_256pix_basicFLIM_120f_0012.sdt,live,1.0146673233005319,0.984405,0.005926110755891022
3_BKOCO2live_740nm_3085mW_u1_poc0p25_20x0p75NA_535s50_g70_z1_256pix_basicFLIM_120f_0013.sdt,live,1.021946939901352,0.987829,0.00723099270515747
3_BKOCO2live_740nm_3085mW_u1_poc0p25_20x0p75NA_535s50_g70_z1_256pix_basicFLIM_120f_0014.sdt,live,1.0260580333982157,0.9881955,0.010008110300081103
3_BKOCO2live_740nm_3085mW_u1_poc0p6_20x0p75NA_535s50_g70_z1_256pix_basicFLIM_120f_0000.sdt,live,1.0047614566192626,0.9885785,0.000152587890625
3_BKOCO2live_740nm_3085mW_u1_poc0p6_20x0p75NA_535s50_g70_z1_256pix_basicFLIM_120f_0001.sdt,live,1.0279012311706541,1.01828,0.0
3_BKOCO2live_740nm_3085mW_u1_poc0p6_20x0p75NA_535s50_g70_z1_256pix_basicFLIM_120f_0002.sdt,live,1.0225124812316895,1.01237,0.0
3_BKOCO2live_740nm_3085mW_u1_poc0p6_20x0p75NA_535s50_g70_z1_256pix_basicFLIM_120f_0003.sdt,live,1.024839805480957,1.01531,0.0
3_BKOCO2live_740nm_3085mW_u1_poc0p6_20x0p75NA_535s50_g70_z1_256pix_basicFLIM_120f_0004.sdt,live,1.072697247619629,1.0613350000000001,0.000274658203125
3_BKOCO2live_740nm_3085mW_u1_poc0p6_20x0p75NA_535s50_g70_z1_256pix_basicFLIM_120f_0005.sdt,live,1.0499155030975342,1.04321,0.0
3_BKOCO2live_740nm_3085mW_u1_poc0p6_20x0p75NA_535s50_g70_z1_256pix_basicFLIM_120f_0006.sdt,live,1.021252694625145,0.9719635,0.014491820172613681
3_BKOCO2live_740nm_3085mW_u1_poc0p6_20x0p75NA_535s50_g70_z1_256pix_basicFLIM_120f_0007.sdt,live,1.0205885311584473,1.01011,1.52587890625e-05
3_BKOCO2live_740nm_3085mW_u1_poc0p6_20x0p75NA_535s50_g70_z1_256pix_basicFLIM_120f_0008.sdt,live,1.054879546661377,1.04841,1.52587890625e-05
3_BKOCO2live_740nm_3085mW_u1_poc0p6_20x0p75NA_535s50_g70_z1_256pix_basicFLIM_120f_0009.sdt,live,1.0115540053100585,0.9913335,0.00054931640625
3_BKOCO2live_740nm_3085mW_u1_poc0p6_20x0p75NA_535s50_g70_z1_256pix_basicFLIM_120f_0010.sdt,live,1.0554084023284913,1.04766,1.52587890625e-05
3_BKOCO2live_740nm_3085mW_u1_poc0p6_20x0p75NA_535s50_g70_z1_256pix_basicFLIM_120f_0011.sdt,live,514.6883714637239,1.0341049999999998,0.0700381492712511
3_BKOCO2live_740nm_3085mW_u1_poc0p6_20x0p75NA_535s50_g70_z1_256pix_basicFLIM_120f_0012.sdt,live,1.0541880391845704,1.04743,0.0
3_BKOCO2live_740nm_3085mW_u1_poc0p6_20x0p75NA_535s50_g70_z1_256pix_basicFLIM_120f_0013.sdt,live,1.0207075068054197,1.01081,0.0
3_BKOCO2live_740nm_3085mW_u1_poc0p6_20x0p75NA_535s50_g70_z1_256pix_basicFLIM_120f_0014.sdt,live,1.0503106141357423,1.04348,0.0
3_BKOCO2live_740nm_3085mW_u1_poc0p6_20x0p75NA_457s50_g70_z1_256pix_basicFLIM_120f_0000.sdt,live,1.0882816910095214,1.08218,1.52587890625e-05
3_BKOCO2live_740nm_3085mW_u1_poc0p6_20x0p75NA_457s50_g70_z1_256pix_basicFLIM_120f_0001.sdt,live,1.1432111473999025,1.11062,0.00482177734375
3_BKOCO2live_740nm_3085mW_u1_poc0p6_20x0p75NA_457s50_g70_z1_256pix_basicFLIM_120f_0002.sdt,live,1.0836157155914306,1.0781450000000001,0.0
3_BKOCO2live_740nm_3085mW_u1_poc0p6_20x0p75NA_457s50_g70_z1_256pix_basicFLIM_120f_0003.sdt,live,1.0720030357818604,1.064255,0.0002593994140625
3_BKOCO2live_740nm_3085mW_u1_poc0p6_20x0p75NA_457s50_g70_z1_256pix_basicFLIM_120f_0004.sdt,live,1.0795903218078613,1.050655,0.0033721923828125
3_BKOCO2live_740nm_3085mW_u1_poc0p6_20x0p75NA_457s50_g70_z1_256pix_basicFLIM_120f_0005.sdt,live,1.0797746511383057,1.07364,0.0
3_BKOCO2live_740nm_3085mW_u1_poc0p6_20x0p75NA_457s50_g70_z1_256pix_basicFLIM_120f_0006.sdt,live,1.070304024307251,1.06134,0.000335693359375
3_BKOCO2live_740nm_3085mW_u1_poc0p6_20x0p75NA_457s50_g70_z1_256pix_basicFLIM_120f_0007.sdt,live,1.1150211303710937,1.108755,7.62939453125e-05
3_BKOCO2live_740nm_3085mW_u1_poc0p6_20x0p75NA_457s50_g70_z1_256pix_basicFLIM_120f_0008.sdt,live,1.118973061843872,1.11384,0.0002899169921875
3_BKOCO2live_740nm_3085mW_u1_poc0p6_20x0p75NA_457s50_g70_z1_256pix_basicFLIM_120f_0009.sdt,live,1.074637323562622,1.06615,0.0005035400390625
3_BKOCO2live_740nm_3085mW_u1_poc0p6_20x0p75NA_457s50_g70_z1_256pix_basicFLIM_120f_0010.sdt,live,1.0657481501464845,1.05713,0.0006561279296875
3_BKOCO2live_740nm_3085mW_u1_poc0p6_20x0p75NA_457s50_g70_z1_256pix_basicFLIM_120f_0011.sdt,live,1.085736841003418,1.077475,0.0003509521484375
3_BKOCO2live_740nm_3085mW_u1_poc0p6_20x0p75NA_457s50_g70_z1_256pix_basicFLIM_120f_0012.sdt,live,1.100120914276123,1.08691,0.001129150390625
3_BKOCO2live_740nm_3085mW_u1_poc0p6_20x0p75NA_457s50_g70_z1_256pix_basicFLIM_120f_0013.sdt,live,1.0599224006347656,1.0492,6.103515625e-05
3_BKOCO2live_740nm_3085mW_u1_poc0p6_20x0p75NA_457s50_g70_z1_256pix_basicFLIM_120f_0014.sdt,live,1.0744899134979249,1.06243,0.001373291015625
4_BKOCO2live_740nm_3085mW_u1_poc0p5_20x0p75NA_457s50_g70_z1_256pix_basicFLIM_120f_0000.sdt,live,1.1184130392761231,1.11253,0.0
4_BKOCO2live_740nm_3085mW_u1_poc0p5_20x0p75NA_457s50_g70_z1_256pix_basicFLIM_120f_0001.sdt,live,1.07435605329895,1.06825,0.0
4_BKOCO2live_740nm_3085mW_u1_poc0p5_20x0p75NA_457s50_g70_z1_256pix_basicFLIM_120f_0002.sdt,live,1.07725405607605,1.06952,0.0
4_BKOCO2live_740nm_3085mW_u1_poc0p5_20x0p75NA_457s50_g70_z1_256pix_basicFLIM_120f_0003.sdt,live,1.0346153599633672,1.00998,0.003037472334579867
4_BKOCO2live_740nm_3085mW_u1_poc0p5_20x0p75NA_457s50_g70_z1_256pix_basicFLIM_120f_0004.sdt,live,1.031829598259262,0.997261,0.007702380035430948
4_BKOCO2live_740nm_3085mW_u1_poc0p5_20x0p75NA_457s50_g70_z1_256pix_basicFLIM_120f_0005.sdt,live,1.0993313228759765,1.09217,0.000579833984375
4_BKOCO2live_740nm_3085mW_u1_poc0p5_20x0p75NA_457s50_g70_z1_256pix_basicFLIM_120f_0006.sdt,live,1.1045202558288576,1.09788,0.0002899169921875
4_BKOCO2live_740nm_3085mW_u1_poc0p5_20x0p75NA_457s50_g70_z1_256pix_basicFLIM_120f_0007.sdt,live,1.0970305036315917,1.0903049999999999,6.103515625e-05
4_BKOCO2live_740nm_3085mW_u1_poc0p5_20x0p75NA_457s50_g70_z1_256pix_basicFLIM_120f_0008.sdt,live,17.16764115893629,0.9920505,0.011763377008971794
4_BKOCO2live_740nm_3085mW_u1_poc0p5_20x0p75NA_457s50_g70_z1_256pix_basicFLIM_120f_0009.sdt,live,1.0871054796142579,1.08244,4.57763671875e-05
4_BKOCO2live_740nm_3085mW_u1_poc0p5_20x0p75NA_457s50_g70_z1_256pix_basicFLIM_120f_0010.sdt,live,1.0482425613055615,1.03216,0.0030369029724838185
4_BKOCO2live_740nm_3085mW_u1_poc0p5_20x0p75NA_457s50_g70_z1_256pix_basicFLIM_120f_0011.sdt,live,1.0327480742250366,1.00458,0.006637693953077785
4_BKOCO2live_740nm_3085mW_u1_poc0p5_20x0p75NA_535s50_g70_z1_256pix_basicFLIM_120f_0000.sdt,live,1.0413056097106932,1.03341,0.0
4_BKOCO2live_740nm_3085mW_u1_poc0p5_20x0p75NA_535s50_g70_z1_256pix_basicFLIM_120f_0001.sdt,live,1.0321880647735595,1.02424,1.52587890625e-05
4_BKOCO2live_740nm_3085mW_u1_poc0p5_20x0p75NA_535s50_g70_z1_256pix_basicFLIM_120f_0002.sdt,live,1.0445848411865235,1.03643,4.57763671875e-05
4_BKOCO2live_740nm_3085mW_u1_poc0p5_20x0p75NA_535s50_g70_z1_256pix_basicFLIM_120f_0003.sdt,live,1.024837368713379,1.012115,9.1552734375e-05
4_BKOCO2live_740nm_3085mW_u1_poc0p5_20x0p75NA_535s50_g70_z1_256pix_basicFLIM_120f_0004.sdt,live,1.0405341814880371,1.03238,0.0
4_BKOCO2live_740nm_3085mW_u1_poc0p5_20x0p75NA_535s50_g70_z1_256pix_basicFLIM_120f_0005.sdt,live,,,
4_BKOCO2live_740nm_3085mW_u1_poc0p5_20x0p75NA_535s50_g70_z1_256pix_basicFLIM_120f_0006.sdt,live,1.031660161178589,1.021805,4.57763671875e-05
4_BKOCO2live_740nm_3085mW_u1_poc0p5_20x0p75NA_535s50_g70_z1_256pix_basicFLIM_120f_0007.sdt,live,1.0191414261322023,1.00838,0.0
4_BKOCO2live_740nm_3085mW_u1_poc0p5_20x0p75NA_535s50_g70_z1_256pix_basicFLIM_120f_0008.sdt,live,1.033520658493042,1.02681,0.0
4_BKOCO2live_740nm_3085mW_u1_poc0p5_20x0p75NA_535s50_g70_z1_256pix_basicFLIM_120f_0009.sdt,live,1.0199481869077593,1.00284,0.000686655985351339
4_BKOCO2live_740nm_3085mW_u1_poc0p5_20x0p75NA_535s50_g70_z1_256pix_basicFLIM_120f_0010.sdt,live,1.0346490458526612,1.02688,0.000274658203125
4_BKOCO2live_740nm_3085mW_u1_poc0p5_20x0p75NA_535s50_g70_z1_256pix_basicFLIM_120f_0011.sdt,live,1.0158069761962891,1.00414,3.0517578125e-05
4_BKOCO2live_posn1_740nm_3085mW_u1_poc0p5_20x0p75NA_535s50_g70_z1_256pix_basicFLIM_120f_0000.sdt,live,1.037023906112671,1.02911,3.0517578125e-05
3_KPCWTglu20min_740nm_3057mW_u1_poc0p25_20x0p75NA_457s50_g70_z1_256pix_basicFLIM_120f_0000.sdt,glu,1.385044462310791,1.37421,0.0015411376953125
3_KPCWTglu20min_740nm_3057mW_u1_poc0p25_20x0p75NA_457s50_g70_z1_256pix_basicFLIM_120f_0001.sdt,glu,1.7397171014404296,1.73517,0.12213134765625
3_KPCWTglu20min_740nm_3057mW_u1_poc0p25_20x0p75NA_457s50_g70_z1_256pix_basicFLIM_120f_0002.sdt,glu,1.5809184873962403,1.572625,0.0336456298828125
3_KPCWTglu20min_740nm_3057mW_u1_poc0p25_20x0p75NA_457s50_g70_z1_256pix_basicFLIM_120f_0003.sdt,glu,1.5605602986297606,1.5312649999999999,0.060394287109375
3_KPCWTglu20min_740nm_3057mW_u1_poc0p25_20x0p75NA_457s50_g70_z1_256pix_basicFLIM_120f_0004.sdt,glu,1.7058286435241699,1.705255,0.109893798828125
3_KPCWTglu20min_740nm_3057mW_u1_poc0p25_20x0p75NA_457s50_g70_z1_256pix_basicFLIM_120f_0005.sdt,glu,1.810572746612549,1.8021500000000001,0.2565460205078125
3_KPCWTglu20min_740nm_3057mW_u1_poc0p25_20x0p75NA_457s50_g70_z1_256pix_basicFLIM_120f_0006.sdt,glu,1.8363655748901366,1.84354,0.264862060546875
3_KPCWTglu20min_740nm_3057mW_u1_poc0p25_20x0p75NA_457s50_g70_z1_256pix_basicFLIM_120f_0007.sdt,glu,1.4450594023895262,1.43181,0.0084991455078125
3_KPCWTglu20min_740nm_3057mW_u1_poc0p25_20x0p75NA_457s50_g70_z1_256pix_basicFLIM_120f_0008.sdt,glu,1.8370714483795165,1.825455,0.2646636962890625
3_KPCWTglu20min_740nm_3057mW_u1_poc0p25_20x0p75NA_457s50_g70_z1_256pix_basicFLIM_120f_0009.sdt,glu,1.49083784375,1.4531450000000001,0.0384368896484375
3_KPCWTglu20min_740nm_3057mW_u1_poc0p25_20x0p75NA_457s50_g70_z1_256pix_basicFLIM_120f_0010.sdt,glu,1.327411975479126,1.32852,0.006866455078125
3_KPCWTglu20min_740nm_3057mW_u1_poc0p25_20x0p75NA_457s50_g70_z1_256pix_basicFLIM_120f_0011.sdt,glu,1.575723540435791,1.577735,0.082550048828125
3_KPCWTglu20min_740nm_3057mW_u1_poc0p25_20x0p75NA_457s50_g70_z1_256pix_basicFLIM_120f_0012.sdt,glu,1.4451421983489992,1.468715,0.052764892578125
3_KPCWTglu20min_740nm_3057mW_u1_poc0p25_20x0p75NA_457s50_g70_z1_256pix_basicFLIM_120f_0013.sdt,glu,1.7784075278625489,1.7735,0.223541259765625
3_KPCWTglu20min_740nm_3057mW_u1_poc0p25_20x0p75NA_457s50_g70_z1_256pix_basicFLIM_120f_0014.sdt,glu,1.8569081737670898,1.851475,0.33099365234375
3_KPCWTglu20min_740nm_3057mW_u1_poc0p25_20x0p75NA_535s50_g70_z1_256pix_basicFLIM_120f_0000.sdt,glu,1.4131724263763425,1.24518,0.071136474609375
3_KPCWTglu20min_740nm_3057mW_u1_poc0p25_20x0p75NA_535s50_g70_z1_256pix_basicFLIM_120f_0001.sdt,glu,1.6168245586853027,1.51719,0.0346221923828125
3_KPCWTglu20min_740nm_3057mW_u1_poc0p25_20x0p75NA_535s50_g70_z1_256pix_basicFLIM_120f_0002.sdt,glu,1.7787372157135009,1.3885999999999998,0.1088409423828125
3_KPCWTglu20min_740nm_3057mW_u1_poc0p25_20x0p75NA_535s50_g70_z1_256pix_basicFLIM_120f_0003.sdt,glu,1.7148012234344483,1.365545,0.104949951171875
3_KPCWTglu20min_740nm_3057mW_u1_poc0p25_20x0p75NA_535s50_g70_z1_256pix_basicFLIM_120f_0004.sdt,glu,1.683924613571167,1.464715,0.066802978515625
3_KPCWTglu20min_740nm_3057mW_u1_poc0p25_20x0p75NA_535s50_g70_z1_256pix_basicFLIM_120f_0005.sdt,glu,1.646885233505249,1.583645,0.0712127685546875
3_KPCWTglu20min_740nm_3057mW_u1_poc0p25_20x0p75NA_535s50_g70_z1_256pix_basicFLIM_120f_0006.sdt,glu,1.6308726437072754,1.558805,0.0464019775390625
3_KPCWTglu20min_740nm_3057mW_u1_poc0p25_20x0p75NA_535s50_g70_z1_256pix_basicFLIM_120f_0007.sdt,glu,1.6637665154418944,1.33229,0.0994720458984375
3_KPCWTglu20min_740nm_3057mW_u1_poc0p25_20x0p75NA_535s50_g70_z1_256pix_basicFLIM_120f_0008.sdt,glu,1.6317049051208494,1.57937,0.0737762451171875
3_KPCWTglu20min_740nm_3057mW_u1_poc0p25_20x0p75NA_535s50_g70_z1_256pix_basicFLIM_120f_0009.sdt,glu,1.5882483681030273,1.3125900000000001,0.0860748291015625
3_KPCWTglu20min_740nm_3057mW_u1_poc0p25_20x0p75NA_535s50_g70_z1_256pix_basicFLIM_120f_0010.sdt,glu,1.2473412967071533,1.175035,0.0292205810546875
3_KPCWTglu20min_740nm_3057mW_u1_poc0p25_20x0p75NA_535s50_g70_z1_256pix_basicFLIM_120f_0011.sdt,glu,1.213399278488159,1.1660949999999999,0.012298583984375
3_KPCWTglu20min_740nm_3057mW_u1_poc0p25_20x0p75NA_535s50_g70_z1_256pix_basicFLIM_120f_0012.sdt,glu,1.4465958648376465,1.29041,0.0818634033203125
3_KPCWTglu20min_740nm_3057mW_u1_poc0p25_20x0p75NA_535s50_g70_z1_256pix_basicFLIM_120f_0013.sdt,glu,1.4855919727935791,1.400525,0.0177459716796875
3_KPCWTglu20min_740nm_3057mW_u1_poc0p25_20x0p75NA_535s50_g70_z1_256pix_basicFLIM_120f_0014.sdt,glu,1.6619447137298584,1.45011,0.06500244140625
4_BKOCO2glu20min_740nm_3053mW_u1_poc0p25_20x0p75NA_457s50_g70_z1_256pix_basicFLIM_120f_0000.sdt,glu,1.7855714923248291,1.779355,0.1968841552734375
4_BKOCO2glu20min_740nm_3053mW_u1_poc0p25_20x0p75NA_457s50_g70_z1_256pix_basicFLIM_120f_0001.sdt,glu,1.5718613181610106,1.56478,0.03314208984375
4_BKOCO2glu20min_740nm_3053mW_u1_poc0p25_20x0p75NA_457s50_g70_z1_256pix_basicFLIM_120f_0002.sdt,glu,1.5597187314453127,1.54885,0.0223541259765625
4_BKOCO2glu20min_740nm_3053mW_u1_poc0p25_20x0p75NA_457s50_g70_z1_256pix_basicFLIM_120f_0003.sdt,glu,1.4148226923065184,1.4027,0.0034027099609375
4_BKOCO2glu20min_740nm_3053mW_u1_poc0p25_20x0p75NA_457s50_g70_z1_256pix_basicFLIM_120f_0004.sdt,glu,1.5691490049285888,1.55935,0.0281829833984375
4_BKOCO2glu20min_740nm_3053mW_u1_poc0p25_20x0p75NA_457s50_g70_z1_256pix_basicFLIM_120f_0005.sdt,glu,1.587642709655762,1.57134,0.0549468994140625
4_BKOCO2glu20min_740nm_3053mW_u1_poc0p25_20x0p75NA_457s50_g70_z1_256pix_basicFLIM_120f_0006.sdt,glu,1.4617965941314697,1.45223,0.0037384033203125
4_BKOCO2glu20min_740nm_3053mW_u1_poc0p25_20x0p75NA_457s50_g70_z1_256pix_basicFLIM_120f_0007.sdt,glu,1.4940655121154784,1.491015,0.006378173828125
4_BKOCO2glu20min_740nm_3053mW_u1_poc0p25_20x0p75NA_457s50_g70_z1_256pix_basicFLIM_120f_0008.sdt,glu,1.2044335272216795,1.20664,0.0001068115234375
4_BKOCO2glu20min_740nm_3053mW_u1_poc0p25_20x0p75NA_457s50_g70_z1_256pix_basicFLIM_120f_0009.sdt,glu,1.3223553534240722,1.3207149999999999,0.000457763671875
4_BKOCO2glu20min_740nm_3053mW_u1_poc0p25_20x0p75NA_457s50_g70_z1_256pix_basicFLIM_120f_0010.sdt,glu,1.603033708343506,1.59666,0.052734375
4_BKOCO2glu20min_740nm_3053mW_u1_poc0p25_20x0p75NA_457s50_g70_z1_256pix_basicFLIM_120f_0011.sdt,glu,1.607494914413452,1.60362,0.0377197265625
4_BKOCO2glu20min_740nm_3053mW_u1_poc0p25_20x0p75NA_457s50_g70_z1_256pix_basicFLIM_120f_0012.sdt,glu,1.3186422086486815,1.32597,0.001007080078125
4_BKOCO2glu20min_740nm_3053mW_u1_poc0p25_20x0p75NA_535s50_g70_z1_256pix_basicFLIM_120f_0000.sdt,glu,1.7849145555267336,1.47482,0.1046295166015625
4_BKOCO2glu20min_740nm_3053mW_u1_poc0p25_20x0p75NA_535s50_g70_z1_256pix_basicFLIM_120f_0001.sdt,glu,1.425106251953125,1.33732,0.0350341796875
4_BKOCO2glu20min_740nm_3053mW_u1_poc0p25_20x0p75NA_535s50_g70_z1_256pix_basicFLIM_120f_0002.sdt,glu,1.5232058684844971,1.35314,0.0733642578125
4_BKOCO2glu20min_740nm_3053mW_u1_poc0p25_20x0p75NA_535s50_g70_z1_256pix_basicFLIM_120f_0003.sdt,glu,1.2965782693634034,1.256505,0.0188751220703125
4_BKOCO2glu20min_740nm_3053mW_u1_poc0p25_20x0p75NA_535s50_g70_z1_256pix_basicFLIM_120f_0004.sdt,glu,1.3691641245422366,1.3059,0.02825927734375
4_BKOCO2glu20min_740nm_3053mW_u1_poc0p25_20x0p75NA_535s50_g70_z1_256pix_basicFLIM_120f_0005.sdt,glu,1.6113828177490235,1.369055,0.0775909423828125
4_BKOCO2glu20min_740nm_3053mW_u1_poc0p25_20x0p75NA_535s50_g70_z1_256pix_basicFLIM_120f_0006.sdt,glu,1.3318292285919189,1.28027,0.025238037109375
4_BKOCO2glu20min_740nm_3053mW_u1_poc0p25_20x0p75NA_535s50_g70_z1_256pix_basicFLIM_120f_0007.sdt,glu,1.4271542496795653,1.337465,0.03924560546875
4_BKOCO2glu20min_740nm_3053mW_u1_poc0p25_20x0p75NA_535s50_g70_z1_256pix_basicFLIM_120f_0008.sdt,glu,1.1981491246948242,1.182525,0.0077056884765625
4_BKOCO2glu20min_740nm_3053mW_u1_poc0p25_20x0p75NA_535s50_g70_z1_256pix_basicFLIM_120f_0009.sdt,glu,1.245815176132202,1.21769,0.0141143798828125
4_BKOCO2glu20min_740nm_3053mW_u1_poc0p25_20x0p75NA_535s50_g70_z1_256pix_basicFLIM_120f_0010.sdt,glu,1.6900701206665039,1.40896,0.0918121337890625
4_BKOCO2glu20min_740nm_3053mW_u1_poc0p25_20x0p75NA_535s50_g70_z1_256pix_basicFLIM_120f_0011.sdt,glu,1.5855221181030275,1.37978,0.0725250244140625
4_BKOCO2glu20min_740nm_3053mW_u1_poc0p25_20x0p75NA_535s50_g70_z1_256pix_basicFLIM_120f_0012.sdt,glu,1.2322472283172607,1.20965,0.0162200927734375
